0,0
1,0
-1,0
0,-1
-2,0
-1,1
-2,1
-3,1
0,-2
1,-1
-2,2
0,-3
1,-3
1,-4
-4,1
-1,-3
-3,2
1,1
-1,2
-1,-4
-4,2
-4,0
-2,3
1,-2
-5,2
-6,2
-1,-5
1,2
1,-5
-2,4
2,2
2,-2
3,-2
-2,-3
3,-3
-2,5
3,-4
-5,0
4,-2
-1,4
1,3
-1,5
5,-2
-2,6
-1,6
-1,-6
-1,-7
-6,3
0,-7
-7,3
3,2
0,6
0,-8
-3,6
-3,-3
6,-2
0,5
-7,4
-2,-7
6,-1
4,2
5,-3
-7,5
-1,-8
-4,6
6,0
-3,7
-8,3
1,4
-8,5
6,1
-4,-3
0,7
-1,-9
-8,2
7,-1
0,-9
0,-10
-7,6
-5,-3
-2,-9
-9,5
-9,2
-9,6
1,-9
-10,5
1,7
-4,7
-9,7
6,-3
7,-3
-11,5
-11,4
0,-11
-9,1
-3,-7
-12,4
7,-4
-1,-11
-1,-12
-2,-10
-6,-3
-9,0
0,8
0,-12
-4,8
6,2
-7,-3
2,-9
7,2
-11,6
-9,8
-10,1
0,9
-3,-10
-4,9
-12,6
2,-10
-3,-11
-3,-12
2,-11
8,-3
9,-3
1,9
-4,-10
-3,-13
1,10
-12,7
-12,8
-13,6
9,-4
10,-4
-4,-11
-14,6
0,-13
11,-4
2,10
11,-3
1,-13
11,-5
-12,9
2,11
12,-3
-14,7
8,2
2,-13
-4,-13
1,11
-1,-13
-13,9
13,-3
7,3
-13,10
12,-2
-4,-7
-15,6
-10,0
-4,-14
-16,6
2,-14
2,12
-16,5
-13,11
2,13
13,-4
2,14
-16,7
3,-14
-17,6
9,2
-11,3
-5,-14
14,-3
-11,1
0,11
1,8
2,-15
13,-5
3,11
14,-2
-18,6
15,-2
3,14
2,15
16,-2
2,-16
4,-14
16,-3
-8,-3
9,3
-14,8
4,-13
-13,4
10,-5
1,-16
-5,-10
-19,6
15,-1
4,-15
-20,6
17,-2
-12,1
-5,-15
-16,4
18,-2
5,-14
-5,-13
10,2
-6,-15
2,16
-8,-4
-3,9
-7,-15
2,17
-16,3
6,-14
4,-16
14,-5
5,-16
4,14
-21,6
4,11
-20,7
-7,-16
13,-6
2,-17
-7,-17
-16,2
-7,-18
3,16
18,-1
-5,-16
-14,11
-16,1
-20,8
4,16
2,-18
19,-1
-5,-17
1,15
-21,5
1,16
6,-16
13,-7
5,-17
4,10
-14,10
13,-8
0,16
5,16
13,-9
-15,11
-8,-18
14,-7
14,-6
-5,-18
17,-3
1,17
14,-9
-22,5
15,-5
5,11
4,17
-18,5
-15,12
-9,-18
-5,-9
-22,6
-8,-19
-22,4
5,-18
1,-18
-21,8
-22,3
7,-14
8,-14
6,16
-23,4
-21,9
2,-19
19,0
5,17
-17,1
2,18
15,-6
-17,0
18,-3
19,1
-1,16
1,18
-2,16
-9,-17
9,-14
-3,16
13,-10
-23,6
19,-3
-5,-19
-22,2
-4,-19
15,-9
-10,-18
15,0
-8,-20
-4,-20
-8,-21
5,18
-24,6
19,-2
-24,7
-15,13
-9,-21
-7,7
-10,-21
5,19
-11,-18
20,-2
5,10
6,19
16,-6
-24,5
7,19
-17,-1
-22,1
5,-19
-24,8
-17,-2
18,1
15,1
5,-20
8,19
-11,-17
5,-21
7,18
16,1
-12,-18
9,19
-25,8
-14,13
21,-2
-17,-3
-10,-22
11,2
-8,-15
7,-16
22,-2
6,-21
-3,15
-10,-23
23,-2
-13,13
9,4
-11,-23
-4,16
8,-16
-13,-18
-10,-24
-22,0
24,-2
22,-1
7,-21
-14,-18
7,-22
-25,6
-16,13
-10,-25
-12,-23
-3,-19
-26,8
7,-20
12,-10
7,20
25,-2
-19,8
11,3
-10,-26
-25,9
-10,-27
9,20
7,-23
6,-23
25,-1
26,-1
8,-22
26,0
9,-16
7,21
1,19
-15,-18
-25,10
4,-21
25,-3
7,22
2,19
15,-10
9,-22
10,-16
-26,10
-10,-28
-23,0
26,1
-15,-19
10,-22
-4,17
8,-23
-5,17
5,-23
-12,-24
-25,11
27,-1
25,-4
8,22
-26,7
-27,7
-18,-3
-25,12
4,-23
15,-11
24,-4
10,-23
28,-1
-12,13
4,-22
-28,7
-25,13
10,20
-6,17
-24,0
11,-22
5,20
-29,7
8,23
-27,10
18,2
-11,-28
8,24
26,-4
7,24
22,0
-16,-19
-25,14
10,-24
10,-25
1,20
-17,-19
29,-1
-10,-29
-26,13
26,-5
9,24
-27,11
-15,-20
6,15
9,25
7,15
-30,7
-24,14
-25,0
-18,-19
-24,15
-13,-24
11,-16
27,-5
30,-1
-28,10
11,-21
28,-5
11,-15
-28,6
30,0
9,26
-24,1
15,-12
-30,6
17,2
-11,-29
-19,-19
31,-1
-9,-29
16,-11
-31,7
-23,15
-20,-19
-28,9
10,26
-24,-1
8,26
-27,13
15,-13
-21,-19
-32,7
-5,18
-33,7
-33,8
-33,9
-34,9
-10,-30
-32,9
-12,-29
8,27
-9,-26
31,0
11,-14
11,-25
-32,10
11,-26
-23,16
-21,-20
-25,15
11,20
-12,-30
0,20
16,-7
11,26
7,27
10,19
-5,19
31,-2
32,-1
-34,8
28,0
-16,14
3,-23
-15,-17
11,27
-1,20
12,-26
-22,-20
11,19
-15,-16
-13,-30
4,20
-35,8
17,3
-21,-18
-26,0
28,-6
9,-25
31,-3
32,0
-6,19
7,17
-36,8
-10,-31
12,27
12,-27
-13,-31
8,15
-16,11
29,-6
-37,8
32,1
30,-6
-38,8
-38,7
12,28
-22,16
15,-14
16,-13
28,-7
-25,16
32,-3
-39,7
-22,-21
-40,7
19,2
26,-6
9,-26
-9,-31
-41,7
-41,8
2,-23
33,1
34,1
-22,17
28,-8
2,-24
34,2
12,29
6,22
13,29
-26,-1
14,29
6,27
-21,-17
-23,-20
35,1
-9,-28
30,-7
28,-9
13,27
-14,-24
15,29
17,4
-41,9
6,28
-23,-19
6,29
-20,-20
31,-7
-28,13
-21,-16
-24,-20
32,-7
-42,7
29,-9
-22,-16
28,-10
-5,20
13,30
-26,16
-21,16
-24,16
29,-10
-10,-32
8,14
-8,-22
-42,6
-26,17
-28,14
-26,-2
12,30
-42,5
13,31
35,2
9,-27
-43,5
6,30
36,1
33,-7
36,0
5,27
16,29
27,-10
-42,9
20,2
-9,-32
17,5
-37,9
-26,-3
6,31
34,-7
-25,-20
-7,19
-8,-32
-44,5
35,-7
-13,-32
-24,17
-8,-33
36,-7
31,-8
5,30
6,-24
-44,6
12,-28
4,30
-25,-21
13,32
-25,-22
-14,-30
12,-25
6,32
36,2
27,-11
16,5
26,2
12,-22
30,-10
-16,15
12,19
-22,-22
37,1
-22,18
13,-22
-26,-22
-32,11
36,3
-33,6
27,-12
13,-27
-26,-20
-26,-4
31,-10
7,32
17,29
14,-22
29,-11
18,5
-37,10
-43,7
13,26
14,32
-45,6
-7,-33
-22,19
36,-6
-13,-33
-14,-32
27,-13
14,33
-27,-20
36,-1
17,30
13,-28
-22,20
32,-10
17,28
-26,18
-44,4
-45,5
-8,-34
15,32
12,-29
-15,-30
-44,3
-8,-35
-14,-33
6,33
-15,-31
-43,8
-46,5
-27,17
-45,3
36,-2
-16,-30
-44,8
30,1
4,27
18,6
1,21
-22,-23
-27,18
-46,6
-9,-35
14,34
26,3
4,31
-25,18
-7,-35
-27,-22
-23,-16
37,2
14,35
-15,-33
12,-21
-7,20
5,33
-15,-34
-11,13
-27,-21
16,32
38,1
15,-22
-33,11
18,28
-46,7
36,4
-28,-22
-28,18
38,2
32,2
-17,-30
36,-8
-18,-30
-10,-35
17,31
38,3
14,-28
17,32
28,-13
-44,9
14,36
-18,-31
-19,-30
5,34
-31,11
12,-30
-21,20
39,2
-18,-32
12,-31
40,2
36,5
-37,11
4,34
-14,14
15,36
-15,-15
-7,-32
-46,8
-37,12
36,-3
-6,-35
36,-5
41,2
26,-13
12,-32
13,34
42,2
13,36
3,34
43,2
-28,-23
-26,19
44,2
-44,10
-16,-34
-10,-36
44,1
16,36
-15,-35
16,37
-16,-35
-45,2
17,37
5,35
16,38
-47,5
-48,5
36,-9
8,32
44,3
18,31
-18,-33
5,36
40,3
-47,4
-28,-21
15,-28
-46,2
-29,-22
5,37
-45,1
-22,-24
16,-28
-21,21
11,-32
-27,-23
-38,11
44,4
27,-14
-19,-33
16,39
-44,11
-14,-35
-19,-34
-9,-36
37,-3
-5,21
-47,8
-49,5
-30,-22
15,39
45,2
-9,-37
13,-32
17,33
-44,12
32,-11
15,-21
-31,-22
-18,-4
17,34
-29,-21
33,-11
18,37
46,2
-19,-29
45,1
-44,13
18,7
-47,2
35,4
-49,6
-45,0
19,7
17,39
-48,8
-31,-23
-7,21
-17,-35
-9,-38
-45,13
36,-10
-48,2
-45,-1
-48,1
-43,13
-27,-24
-20,-34
14,39
-26,20
-21,-34
-50,5
-10,-38
16,-22
4,32
19,37
-32,-23
-42,13
-45,12
-9,-24
16,-23
46,3
4,36
18,32
-20,-35
-21,22
45,4
45,0
-20,22
-17,-36
3,35
47,3
45,-1
-32,-24
20,7
-13,-35
-23,20
-32,-22
46,4
19,28
3,27
14,-32
-13,-36
46,-1
45,5
14,40
13,-33
-31,-21
-32,-25
20,28
-21,23
47,-1
-8,19
48,3
47,-2
48,-2
45,6
48,4
12,-33
20,37
-44,-1
-21,-35
19,38
-33,-25
21,37
-15,-36
-24,-16
3,30
-28,17
-45,14
45,7
-8,-38
48,-3
2,27
-45,15
48,-1
-6,-36
-17,-37
49,-3
-45,16
-26,-19
49,3
3,36
50,3
-8,-39
2,34
21,38
37,5
-33,-23
-41,13
37,6
50,-3
-13,-37
37,-6
-31,-25
14,41
-17,-38
38,4
-27,20
-40,13
-13,-38
49,4
14,42
51,-3
-50,6
-50,4
40,1
14,43
-24,-17
-16,-38
-49,2
17,-28
34,-11
28,-14
13,-34
21,39
-34,-25
13,43
-45,-2
-50,2
15,-32
-21,-36
-51,2
21,40
51,3
49,5
52,3
37,7
13,44
-39,13
-21,-37
53,3
1,34
-8,21
-23,-24
12,44
-22,23
21,36
38,7
14,44
-50,7
-45,17
36,6
36,-11
15,44
13,-35
-7,-38
-13,-39
-52,2
54,3
17,-13
44,-1
14,45
-35,-25
52,-3
54,2
53,-3
-46,17
17,-23
54,4
-7,22
-52,1
-36,-25
-46,18
-36,-26
-22,24
12,43
14,46
54,5
-36,-27
51,4
-53,1
-20,-30
54,-3
-13,-40
55,5
-6,-38
-51,7
15,-33
13,37
-44,17
-53,0
-47,18
15,-34
-46,-1
-54,1
55,6
15,-35
54,1
11,43
15,-36
20,40
-43,17
-37,-26
18,-28
-22,-37
-55,1
-44,15
-51,8
52,-4
-47,19
-48,19
14,47
-23,21
55,1
-36,-28
52,-5
55,7
18,-27
14,-36
-49,19
-6,-39
22,38
-23,-37
19,-28
10,43
15,-37
2,36
21,28
15,-31
-56,1
-56,2
9,43
21,7
-20,21
22,28
-5,-39
-23,-36
20,-28
8,43
-51,5
-8,-28
-43,18
-30,-25
36,-12
-52,8
13,47
-46,15
-4,-39
9,44
-49,18
-34,-23
23,28
37,8
-49,20
38,8
18,-29
-6,22
21,-28
-50,20
16,-37
11,44
12,47
-50,21
23,38
56,6
-56,0
15,46
15,47
-21,-38
-21,-39
3,37
55,-3
-57,1
-51,9
22,40
-21,24
13,-36
2,30
-35,-28
16,-38
24,38
-7,23
38,9
-58,1
27,-15
5,38
56,-3
-50,22
20,41
21,-27
-27,21
23,40
55,8
-58,0
1,35
-7,24
-34,-22
-33,12
45,8
-51,21
-46,-2
20,42
24,40
39,4
22,-27
-24,-37
17,-38
-47,-2
-35,-29
21,42
38,10
31,-11
28,-15
56,7
-50,23
55,-4
-51,22
15,48
-26,-18
55,2
-59,0
-4,-38
55,-5
56,8
-53,-1
17,-39
8,44
16,-39
-25,-37
-3,-39
-20,-39
22,27
39,10
-51,20
-22,25
17,-37
-60,0
14,48
56,9
-52,9
23,41
-61,0
13,-37
55,-6
-48,-2
7,43
-27,22
17,-22
23,42
-35,-23
22,42
-62,0
-23,-38
56,1
56,5
-26,-37
3,38
56,-6
57,9
49,6
-34,-21
11,-33
-49,23
56,-2
23,29
-26,-38
-13,-41
22,26
54,8
-20,-40
29,-15
-7,25
-63,0
-63,-1
-3,-40
-63,1
-63,2
-4,-40
39,11
-63,-2
-60,-1
57,1
40,0
24,37
-64,-2
-8,25
57,5
-13,-42
57,0
-27,-38
-13,-43
-46,19
-25,-38
-19,-40
37,-7
17,-40
-52,20
-63,3
21,-29
-52,19
18,-40
-25,20
-14,-43
56,-7
-65,-2
6,43
-7,-39
-13,-44
-10,-39
14,49
23,-27
-25,-39
-2,-39
29,-16
-37,-25
57,-6
58,-6
-49,24
57,8
25,37
-20,-41
-66,-2
16,-40
24,29
-20,-42
57,6
-59,-1
53,5
3,39
16,-34
39,12
24,28
24,36
16,47
-52,22
-66,-1
-53,20
-48,-3
56,10
-12,-44
-66,-3
-25,-40
16,-41
17,-36
-11,-44
9,-28
-20,-43
24,35
-49,25
-26,22
11,47
-27,-2
-66,-4
13,49
38,-6
36,-13
55,10
56,-8
56,-9
57,-1
36,-14
36,8
16,-42
56,11
35,-14
-62,2
-64,2
58,1
0,35
13,50
-49,26
25,40
-23,-35
58,6
-49,27
-26,-5
56,12
-37,-28
56,-10
35,-15
-4,-37
-67,-3
21,-26
-53,22
53,8
-66,-5
-68,-3
40,12
-37,-29
-48,25
-11,-45
59,6
59,1
-19,-43
55,12
53,-5
58,-7
-54,22
59,-6
20,43
-8,26
1,30
-55,22
55,13
-69,-3
16,48
55,14
-37,-30
41,12
19,-40
55,-10
-2,-40
3,40
17,48
59,-7
-49,28
-67,-5
60,-7
19,-41
36,9
57,12
-30,-26
55,-7
19,-39
47,-3
55,15
24,-27
60,6
20,44
18,-37
-53,19
-69,-4
13,51
60,1
61,-7
-50,28
-68,-5
-35,-30
-37,-31
-52,18
37,-10
20,45
-66,-6
-66,-7
-19,21
-70,-4
17,-42
14,51
21,-30
-64,3
3,41
-69,-2
20,-41
61,6
-71,-4
61,7
-54,2
-56,22
26,37
22,-30
-38,-29
20,46
8,45
-11,-46
19,-42
20,-42
-37,-24
60,-6
-12,-46
18,48
-25,-41
-65,-7
-46,20
10,47
-21,-42
-28,-38
-55,23
-72,-4
25,-27
58,12
-55,21
27,37
-73,-4
-34,-30
-73,-3
-73,-2
17,-43
-11,-47
-25,-42
17,-44
-53,18
-1,-39
-67,-1
-45,20
-73,-1
-8,27
12,51
-11,-48
-65,-8
-25,-43
35,-16
13,52
24,30
-1,35
-64,-8
-49,-3
13,53
59,7
55,16
-6,-40
57,-10
23,43
-72,-1
-38,-30
26,40
-74,-3
14,53
41,11
-48,23
-25,-44
55,17
-11,-49
57,-11
61,-6
-31,-20
59,12
-71,-1
17,-45
5,43
-57,22
-21,25
22,25
62,6
28,37
62,-7
12,53
57,-12
-25,-45
-67,-7
-64,-9
61,5
58,-12
60,0
-67,-8
13,-38
59,11
62,7
-38,-28
-46,13
-27,23
12,54
38,12
57,13
20,47
20,48
-19,-44
28,38
-11,-50
-64,-10
63,-7
-64,-11
-52,10
-11,-51
24,27
-72,-5
16,-45
-63,-3
-75,-3
-8,28
-64,4
62,8
-37,-32
63,-8
22,7
53,9
-38,-32
15,-42
35,-17
63,7
63,-9
17,49
25,-28
-37,-33
63,6
55,-11
-29,-38
-24,-44
15,-45
39,13
20,-40
-25,-46
56,15
-10,-51
-39,-28
-76,-3
23,25
-39,-27
-58,22
-77,-3
38,-10
15,-46
39,-10
35,-18
-65,2
64,7
-49,29
42,11
-26,-46
-30,-38
-39,-32
41,13
12,52
14,54
20,49
59,-12
63,-6
-65,-11
1,31
-40,-32
58,-13
-67,0
-51,28
-31,-38
-48,29
-38,-33
61,-5
-78,-3
-64,5
-27,-46
61,-4
26,-28
-66,-11
-19,-45
-28,23
-58,23
-26,23
-79,-3
-41,-32
-67,-11
15,54
-68,-7
22,-31
-59,22
-12,-50
-79,-4
-40,14
47,-4
64,-6
27,-28
-1,-40
-30,-39
15,-47
11,54
-60,22
35,-19
63,5
62,9
-12,-51
-1,34
-48,30
-9,-51
-41,-31
58,-14
64,-9
-22,26
-9,28
-79,-2
54,16
-8,-51
-59,21
39,-11
-52,28
-18,-45
21,48
-58,24
57,15
-80,-2
36,-19
11,53
64,-10
27,-29
-8,29
59,-8
-66,-12
12,55
53,16
-47,29
-48,31
-58,25
19,-38
-48,32
2,41
-42,18
-61,22
28,-28
62,10
56,17
-58,26
24,25
58,-15
23,44
-66,2
58,15
65,-10
-11,-52
21,-31
-42,-32
23,45
-80,-3
19,-37
22,48
42,13
-61,23
-27,24
-10,28
-28,-46
-29,-46
11,51
62,11
63,10
28,36
-12,-49
-68,-11
20,-43
39,-12
-63,-11
-23,26
-49,32
-31,-37
24,43
-68,-12
62,12
-80,-1
-53,28
20,-44
59,-15
-81,-2
12,56
43,-1
66,-10
37,-14
-65,5
-43,-32
-66,-13
10,54
27,-16
15,55
20,-38
65,-11
24,44
60,-15
-26,-47
65,7
-40,-28
-30,-46
28,-27
-25,-47
57,-15
-48,-4
54,-11
-62,23
-8,30
60,-1
-50,29
-43,-33
21,-43
1,41
-31,-46
10,55
-39,-26
-59,26
-80,0
-24,-47
41,14
23,48
-32,-46
27,-17
20,27
37,-19
-72,-6
43,13
-79,-5
24,48
-63,23
66,-11
-71,0
-8,-52
-72,-7
10,56
38,-19
57,17
-7,-52
22,-43
-28,24
-64,23
65,8
-32,-47
38,-20
25,43
-22,27
22,-42
56,-15
66,-12
-78,-2
-80,-5
25,-26
9,56
-68,-13
16,55
-64,24
56,-16
-32,-48
-81,-5
-62,-11
16,54
-59,27
56,-17
-81,0
-50,32
28,39
-8,-50
-73,-7
-22,28
-26,-48
-65,24
-21,28
10,57
-82,0
65,-6
11,57
4,43
17,55
-64,22
-41,-33
1,42
-12,-52
28,35
-27,-48
-33,13
58,-16
-83,0
29,39
10,58
57,-17
16,-47
38,-21
67,-10
66,7
9,55
54,17
-81,1
14,-45
-83,1
17,56
-68,-14
30,39
-47,32
22,-41
-46,32
-82,-5
-51,32
64,5
-26,-49
15,56
-65,4
52,-6
66,-6
-11,-53
29,36
-60,27
-23,28
-65,25
63,11
60,-14
14,-47
60,-16
-84,0
-12,-53
24,49
-66,25
-32,-49
14,-48
-59,28
-61,27
53,-11
-79,-6
-33,-46
-32,-50
18,56
8,56
25,48
-7,-53
67,7
-44,-32
13,-47
-69,-14
67,-9
26,48
66,-5
-12,-54
-82,-4
-84,-1
68,7
4,44
-28,25
26,43
7,45
-33,-50
-7,-54
-33,-51
53,17
31,39
17,57
19,56
67,-6
-53,17
68,-6
-7,-55
-28,19
31,38
21,-38
17,58
-65,22
-27,-49
-11,-54
-29,25
-84,-2
-27,-50
16,-48
54,18
67,6
26,49
-46,33
-84,1
25,44
69,-6
32,38
-66,26
-61,28
-61,21
57,-18
-23,-47
9,58
14,-49
-54,17
27,49
54,19
-84,-3
17,59
-47,25
59,15
14,-50
25,27
-44,-31
-61,29
67,-12
60,15
66,-4
-65,21
-85,1
-33,-45
-69,-15
-85,-2
8,55
17,60
18,60
23,-41
56,-18
9,59
69,7
-79,-7
53,19
-45,32
-33,-52
-50,33
-81,2
-69,-16
22,-44
-33,-53
70,-6
19,60
-85,2
60,-17
57,-19
-80,2
-66,27
-43,-34
-33,-54
71,-6
-86,1
-6,-53
67,-4
-34,-52
-34,-54
68,8
39,-21
8,58
17,61
16,61
-66,28
67,-13
68,6
71,-7
23,-31
-34,-55
10,59
-66,29
-67,29
-50,34
25,45
-27,-51
59,16
-12,-55
63,12
-70,-16
-51,34
33,38
-66,30
38,-3
22,-45
-34,-56
14,-51
-26,-51
62,13
13,-49
68,-12
58,17
40,-21
-26,-52
-66,22
-35,-54
-66,31
38,-22
69,6
-7,-56
-34,-45
14,-52
57,-20
72,-7
-64,6
-44,-33
-86,0
24,-41
-86,2
0,42
73,-7
-59,-2
-81,-6
69,5
56,-20
60,-18
-50,35
26,45
-67,31
60,16
16,62
57,-21
64,12
-87,2
61,16
9,54
-39,-33
-67,30
58,-20
22,-38
-67,25
-50,36
-82,-6
15,-52
-13,-55
9,60
55,19
-50,37
69,-5
70,7
-86,-2
19,61
-40,-26
-83,-6
14,-53
68,-10
-71,1
-82,-7
37,12
-49,35
28,34
-79,2
-85,3
-79,3
-69,-17
-24,28
19,62
-67,32
64,13
-61,30
71,7
-6,-56
58,-21
-25,28
53,20
68,-13
61,-16
-34,-57
-86,-3
-34,-58
-61,31
66,-13
23,-45
60,-19
-7,-50
-45,-33
-78,-7
72,7
8,59
12,-36
33,39
62,16
72,-8
-63,-12
-71,-16
-87,1
65,12
-51,36
-36,-54
-35,-52
21,-32
59,-21
-34,-59
-68,29
19,63
-61,20
-69,29
27,48
19,57
-35,-22
-44,-34
-87,-2
23,7
16,63
-35,-56
34,39
-86,3
-34,-44
16,64
61,-19
59,17
-34,-60
73,-8
73,-6
-49,37
-35,-45
0,41
57,-22
13,-52
40,-22
25,-13
-71,-17
-69,28
-34,13
-34,-61
20,62
-87,-3
12,-49
-35,-46
60,-21
68,-14
-60,31
20,60
52,20
-78,-8
-8,-56
-66,21
35,39
-87,-4
-36,-46
20,63
-48,37
-63,6
69,-14
-87,3
61,-21
41,-21
41,15
74,-6
24,50
23,-46
-34,-62
-36,-47
62,-21
21,63
-69,-18
-35,-60
75,-6
21,62
-88,2
-53,29
-79,-8
75,-5
-6,-57
69,-13
-85,4
27,45
-1,42
-2,34
-3,34
-44,-35
63,16
-84,4
19,64
75,-4
51,20
14,-54
24,51
18,64
65,-13
-89,2
-35,-61
-46,34
23,-47
-67,21
30,40
-3,33
54,20
53,21
-61,-11
27,50
-83,-7
-69,-11
-34,-63
13,-54
66,12
-34,-64
-33,-63
16,65
25,-41
76,-4
25,-42
-36,-56
-59,31
14,56
8,60
-88,-4
24,-46
73,7
-85,5
-67,2
18,-45
76,-3
10,60
20,64
28,45
68,-15
-69,-19
15,64
9,53
-62,31
-45,33
-33,-64
-1,36
-51,35
22,62
69,-15
-32,-20
-70,29
-86,5
-36,-57
-8,-57
8,53
-78,-9
77,-4
-72,-17
-73,-17
7,56
18,65
-70,30
-12,-56
-65,-13
56,-22
14,-55
-81,3
55,20
-9,-56
28,48
-73,-18
24,52
75,-7
-36,-55
77,-3
56,-23
-11,-56
76,-6
-90,2
70,-15
-91,2
26,-42
-34,-65
-89,-4
-89,3
-37,-56
-74,-17
8,61
-47,37
63,15
-34,-66
20,59
9,61
20,65
56,20
29,-28
-74,-18
15,-55
-8,-58
-34,-67
-71,30
-37,-55
-75,-18
-83,-8
62,-22
-87,-5
36,39
77,-6
55,-23
15,-56
77,-7
9,62
-68,28
20,66
23,-38
-83,-9
-67,33
23,62
25,-46
-71,29
-13,-53
63,-21
-51,37
28,-29
29,48
55,-24
64,16
15,65
73,6
-70,28
-90,3
55,-18
-33,-57
78,-3
7,60
21,66
77,-8
77,-9
53,22
-86,6
78,-2
56,21
-78,3
9,63
56,22
-26,-53
-89,1
71,-15
-8,-59
37,39
-71,31
62,-19
8,63
24,62
57,18
69,-16
78,-6
-78,4
-7,-49
-68,-19
13,-55
-38,-56
-61,32
-25,-53
72,-15
79,-3
61,17
71,-16
70,-16
27,-42
79,-2
26,-46
23,63
-90,-4
-61,33
-46,35
10,51
-91,-4
14,65
78,-1
16,-55
-92,-4
-93,-4
59,18
-93,-3
68,-16
-34,-50
-93,-2
65,16
-21,18
27,-46
23,64
-35,-62
63,-22
63,17
-81,4
51,21
-36,-52
-87,6
-94,-4
-5,-56
-94,-2
13,65
-70,-11
23,-48
-36,-45
-90,4
-67,-19
-94,-5
-94,-3
24,64
6,56
-9,-59
64,14
-72,31
-73,31
65,17
-76,-18
-94,-6
28,-46
-83,-10
-35,-59
-45,-35
-34,-68
8,64
5,56
25,64
14,66
-83,-11
29,-46
-4,-56
-95,-4
29,-47
-76,-19
42,-21
-10,-59
12,65
-95,-2
53,15
34,40
-52,34
62,17
63,-23
55,-25
-76,-20
22,-48
-4,34
7,61
-87,7
-93,-6
-52,33
-51,38
-87,8
25,-40
74,6
-44,32
-80,4
-28,26
21,67
8,65
12,-55
78,-7
80,-3
80,-2
54,-24
-92,-2
63,18
-67,-20
-33,-66
-68,21
74,5
-66,33
15,-53
77,-10
7,64
-52,37
-95,-6
72,-9
30,-47
81,-2
29,49
-95,-7
29,-48
9,65
75,5
61,18
-78,-10
-32,-57
75,6
6,64
23,-49
-79,-10
-67,-21
25,65
81,-1
81,-3
-45,31
-71,32
-66,-21
-95,-8
26,-47
-71,28
81,0
-35,-63
-72,32
30,49
14,67
-71,33
6,63
28,50
-49,38
-8,-60
-66,-22
65,18
-95,-9
82,0
-72,33
57,22
-37,-52
-45,-36
-76,-21
-74,31
5,57
-89,4
-51,39
26,65
-35,-68
20,67
-7,-59
64,-23
-76,-22
16,-56
-66,34
-38,-55
-51,40
-91,1
-66,35
-96,-2
30,50
-4,-57
-36,-63
65,19
-96,-4
83,0
-96,-5
-37,-63
82,1
-33,-68
-41,-26
-3,-57
-45,35
-2,-57
68,-17
7,65
-68,33
31,49
15,-51
-68,22
-97,-5
-36,-68
66,17
83,1
-76,-23
84,0
24,-38
-11,-59
31,-47
-35,-69
82,-3
-32,-64
14,68
-1,43
-92,2
-98,-5
-32,-68
76,6
6,60
-83,-12
83,2
5,64
6,65
24,65
83,3
-90,5
68,-18
-90,6
5,60
-69,22
-44,31
-36,-59
74,4
-7,-60
-86,8
78,-10
13,68
-84,-12
38,39
-93,-7
-66,-23
-25,-54
-36,-69
-52,40
26,66
-99,-5
-74,32
37,38
81,-4
79,-6
-36,-44
-74,30
81,-5
27,65
-38,-63
83,4
31,48
27,66
39,39
-74,33
-36,-70
83,5
-26,28
-1,44
-37,-70
-91,5
20,68
-66,-24
30,51
-53,40
-11,-60
83,6
57,20
12,-54
-99,-4
-99,-3
-3,-58
25,62
-85,-12
-94,-1
28,66
-71,34
77,6
-68,34
-39,-63
-39,-55
-11,28
-2,43
15,-57
-100,-3
-96,-1
-66,-25
20,69
84,6
79,-10
4,57
-66,36
-101,-3
-44,33
15,-58
85,0
-7,-61
12,66
67,12
85,1
38,-23
-32,-69
53,23
28,67
-68,-21
-90,7
-54,40
84,-1
-45,-32
-91,7
-3,43
-12,-60
69,-18
-37,-71
85,6
-55,40
-75,30
28,68
-94,-9
-11,-61
-46,-33
-102,-3
55,-26
-46,-32
-65,36
63,-24
16,-58
71,-17
77,-11
-77,-23
-64,7
28,69
-102,-4
19,69
79,-7
-66,37
57,23
-11,-62
-2,-58
30,-48
-75,33
65,20
63,-19
-103,-4
-1,45
16,-53
31,51
26,62
-74,29
85,7
-103,-3
32,51
-66,-26
-71,35
-11,-63
85,8
-50,40
-45,-37
-43,32
-37,-72
79,-11
16,-52
-84,-13
-11,-64
5,61
86,8
-104,-4
-85,8
63,-25
30,-28
-79,1
4,64
-31,-69
82,5
85,9
71,-18
72,-16
62,-25
72,-18
-30,-69
54,-25
39,40
-29,-69
-1,-58
30,-49
-65,-26
12,68
66,20
87,8
-105,-4
-70,35
83,-3
-72,35
-99,-6
-40,-63
29,66
-104,-5
88,8
29,67
28,70
-87,9
89,8
-37,-73
-72,36
65,-23
6,66
-1,-59
4,65
90,8
-75,34
-66,38
-29,26
-104,-6
30,66
58,23
-38,-73
-11,-65
12,69
-93,2
-53,41
55,-27
-105,-6
-39,-54
83,7
-76,33
-51,41
22,67
-91,8
77,7
18,69
-55,17
72,-19
-105,-7
43,-21
-72,37
77,-12
-39,-73
85,10
-38,-74
-84,-14
-39,-56
-30,-70
-91,9
85,11
54,-26
-77,33
31,66
-21,27
29,70
80,-10
27,69
17,-55
23,-50
-78,-23
11,69
-87,10
-10,-65
31,-48
67,20
-66,-27
-72,38
16,-59
53,-26
64,-19
-42,32
91,8
-12,-65
-96,0
11,70
29,-49
17,69
-39,-57
-33,-69
16,-60
-6,-61
12,-52
30,70
-77,32
-76,-24
91,9
-97,0
-30,-71
-40,-56
30,71
-104,-7
-40,15
70,-13
91,10
-51,42
31,70
16,-61
-40,-57
32,-48
73,-18
92,9
83,-4
-41,-57
14,-58
-1,46
64,-25
-106,-6
84,4
-105,-3
-37,-74
-36,-74
92,8
31,-49
-42,-57
-46,37
-45,-38
54,23
85,4
-43,-57
-35,-74
-105,-2
-12,-61
4,63
30,72
-9,-65
52,23
-35,-75
-34,-75
30,-50
65,-25
-35,-76
-35,-77
-8,22
-91,10
33,-48
31,72
-77,34
-35,-78
66,-23
79,-12
65,-26
-100,-6
-105,-8
-35,-79
-29,-71
85,12
33,51
-56,40
-36,-79
-107,-6
30,52
-107,-7
3,65
-66,39
93,8
85,13
14,69
84,13
-3,35
-12,-66
3,57
-30,26
67,-23
33,52
-90,10
3,66
-37,-79
-79,-23
-3,36
31,67
92,10
66,21
31,73
-34,-78
-83,-14
92,11
31,74
90,7
85,-1
-40,-54
29,-50
-71,2
-78,32
29,72
-91,11
-7,-62
85,14
-28,-71
-65,38
-102,-2
-77,35
94,8
17,70
-74,28
3,64
-8,-65
85,15
-46,-37
84,-4
-76,-25
-96,-8
-67,-22
12,-56
-7,-65
68,20
-51,43
66,22
17,71
-34,-79
-41,-63
-40,-53
-78,35
83,13
94,7
94,9
-53,42
30,41
18,-55
62,-26
-36,-80
-36,-43
16,-62
-38,-79
-53,43
-38,-71
15,-62
80,-9
-13,-61
94,6
-66,40
80,-11
85,16
-39,-72
3,67
68,19
-7,-66
22,68
-20,28
-96,-9
33,-49
-79,32
10,70
-39,-79
-45,37
-22,29
-77,-25
-44,-57
77,-13
-7,-67
-95,-10
-105,-1
33,-47
-39,-80
20,70
-80,32
-64,-26
18,-56
-70,22
-33,-78
17,-62
74,-18
-33,-79
-4,35
31,-50
3,58
-7,-68
86,1
-71,38
-39,-81
-72,39
14,-59
-106,-1
92,12
84,-5
90,10
32,74
-46,-38
-47,-33
64,-26
-105,-9
-104,-9
-107,-1
11,71
-40,-80
53,24
-107,0
-95,-11
64,-27
-66,41
-7,-69
-72,40
31,65
18,-62
-4,36
12,71
33,-50
-41,-53
95,9
31,64
67,17
19,-62
69,-19
-40,-79
-108,0
96,9
67,22
-66,42
-80,-23
72,-20
28,-42
-93,-9
77,-14
-42,-63
81,-10
-108,-7
96,8
20,-62
-96,-11
93,6
32,64
10,71
-108,-8
-43,-63
43,-22
10,72
-72,41
-93,-10
-28,-72
85,17
-109,0
65,-27
72,-21
85,-4
10,73
86,17
32,75
21,-62
87,17
-32,-79
96,10
31,68
-97,-11
33,74
-81,32
-109,-7
-65,42
-65,43
93,12
32,68
84,17
-90,11
16,71
10,74
-73,41
53,-27
-8,-69
-20,29
-81,31
-110,-7
-34,-80
9,72
-26,29
-45,-57
-106,-9
31,-51
-67,42
-32,-80
-110,-8
-40,-81
-106,-10
2,64
-108,-9
-37,-47
10,75
-5,34
-108,-1
71,-21
10,76
-110,-9
-110,-10
19,-56
-104,-10
34,74
-111,-10
-90,12
-111,-11
-78,-25
22,-62
-112,-11
66,23
-78,-26
86,-4
84,18
-79,35
-31,-79
35,74
93,5
-6,-65
93,4
72,-22
24,-50
3,63
-95,0
96,7
-41,-79
-107,1
32,76
-97,-12
-77,36
-85,9
33,76
1,64
-32,-81
-40,-82
-6,-69
86,2
-41,-81
83,17
19,-63
86,18
24,-51
33,64
10,77
-44,-63
-44,37
-50,42
91,12
86,19
2,67
28,-41
81,-11
67,23
-89,12
-36,-81
10,78
-45,-63
-6,-70
35,75
40,40
97,10
11,73
-82,31
-31,-81
-12,-67
52,-26
9,78
95,6
22,-63
22,-61
-110,0
2,57
-30,-81
31,-46
86,-5
97,7
-89,13
22,69
-111,-9
22,-64
97,6
31,-52
36,75
-41,-82
-78,-27
-80,35
33,77
-6,-64
11,78
36,74
-32,-82
98,6
68,-23
88,7
-110,-6
-42,-81
-108,-10
14,-62
10,79
83,18
-111,-12
97,9
-72,42
67,16
33,53
29,-42
0,64
64,-28
2,68
-30,-82
-29,-82
-77,-27
-53,44
23,-61
-63,-13
-66,-28
91,13
98,10
33,-46
72,-23
-98,0
-21,29
-40,-78
61,-26
-29,-83
-80,36
32,69
73,-23
-102,-1
11,77
22,70
-80,37
-54,43
-52,44
-69,21
72,-24
54,-27
37,75
-29,-84
32,77
-54,44
17,-63
54,24
-41,-52
-68,20
-28,-84
91,14
86,20
-40,-83
81,-12
96,6
86,21
-104,-11
17,72
34,77
39,38
32,-52
-83,31
72,-25
-111,0
-29,-85
62,-27
97,5
-106,-11
96,11
67,24
-78,-28
33,78
73,-20
38,75
-89,14
22,-65
33,79
87,-4
-46,-39
-112,0
-42,-79
-55,44
34,-47
-57,40
-47,-39
-111,-6
-40,-84
-41,-84
37,76
11,79
33,-52
-79,-28
33,80
97,4
99,10
24,-52
-54,45
10,69
-79,-25
93,13
20,-56
-5,-69
-39,-84
61,-25
-72,43
100,10
-42,-84
33,-53
72,-26
23,-64
-112,-1
98,7
34,-53
75,-18
-43,-81
12,79
2,69
-106,1
0,63
22,-66
-81,-23
-67,43
98,4
-97,1
-43,-82
-101,-1
34,-46
53,-28
99,4
-106,-12
-111,1
35,-53
-54,46
35,-46
99,3
-56,44
-106,-13
-111,2
-102,0
-25,29
-66,-29
-78,31
86,-6
-82,-23
12,-57
-54,47
97,11
81,-9
-50,43
-56,45
38,76
97,3
33,69
-32,-83
-82,-24
100,4
-102,1
-106,-14
97,2
-28,-83
-92,9
93,14
73,-26
-113,-1
-47,-40
-111,-13
-19,29
66,24
-40,-85
101,4
-21,30
-93,9
-73,39
97,1
-29,-86
21,70
99,2
76,-18
-4,-69
-46,-57
73,-27
100,5
33,81
-43,-79
-73,43
-5,36
97,12
23,-66
-44,-82
34,-54
100,9
86,4
-67,44
37,77
32,81
-113,-11
-81,37
-84,31
81,-13
-90,14
-81,38
24,-64
-45,-82
101,3
-93,10
1,69
-106,-15
32,82
-110,2
33,68
73,-28
-1,64
-102,2
79,-13
-74,41
-106,-16
71,-26
-114,-1
31,82
24,-66
-106,2
66,25
97,0
25,-64
-75,41
38,74
38,77
-81,36
1,67
-26,30
-113,0
-25,30
39,76
-106,3
31,83
-40,-86
22,-67
64,-29
-97,2
25,-66
32,79
8,78
30,53
-82,-25
-44,-81
22,-68
40,76
-112,2
-29,-68
31,81
-67,-29
-45,-83
-92,-10
51,22
-105,-16
-46,-82
-105,-15
98,0
35,-47
-104,-16
34,53
-107,-16
-43,-84
88,-4
37,78
-43,-85
65,25
40,77
-82,-22
-88,13
-30,-86
24,-67
87,21
34,-50
29,73
35,-45
-67,45
83,19
-108,1
83,16
99,1
37,79
-88,14
34,64
-102,3
-3,-69
-112,-13
102,3
-81,39
-40,-87
-91,14
-33,-83
-42,-52
68,24
102,2
65,26
-18,29
74,-28
83,20
99,0
-85,31
82,16
99,-1
3,59
31,84
-113,-13
101,10
-111,-5
34,-55
31,85
-40,-88
-9,-69
22,-69
-104,-17
-56,46
-112,-14
97,13
100,-1
-73,44
-107,3
-112,-5
-54,48
100,11
40,78
-82,37
1,70
-79,37
26,-64
17,-64
-28,-86
-83,-24
65,-29
17,-65
-107,-17
40,79
-83,37
40,75
8,79
22,-70
-30,-87
23,-69
-66,-30
7,79
88,21
-98,-12
-63,-26
88,17
-4,-70
-30,-88
87,22
-114,-2
75,-28
-112,3
22,-71
97,14
21,-70
93,3
24,-69
32,85
-79,38
100,-2
-86,31
-30,-89
25,-69
-48,-40
26,-65
68,23
-115,-2
42,-20
89,17
-49,-40
-74,44
12,80
54,25
12,81
-27,-86
-31,-88
33,82
-108,-17
-67,46
26,-69
-31,-86
-45,-64
-107,-18
-12,-68
-112,-9
-55,48
41,75
-91,15
-44,-80
32,86
82,-12
-105,3
101,5
89,21
77,-15
35,-54
-107,-19
-47,-82
6,79
-111,3
-108,-19
27,-65
83,-12
-55,49
103,2
97,-1
-103,3
9,74
22,-60
-108,-20
-55,50
-111,4
-6,-63
-45,-84
-6,34
-30,-90
41,40
101,6
-1,47
34,82
6,80
0,70
103,1
-29,-90
104,2
-116,-2
-82,39
-28,-90
-83,38
-42,-51
73,-29
72,-29
-76,41
32,87
-114,-13
105,2
-67,-24
34,51
13,80
101,7
34,83
-42,-50
40,80
-6,-71
-68,-29
-18,30
-46,-64
-113,-14
101,9
18,71
-39,-85
40,81
-7,-71
33,86
-80,39
-45,-85
36,-53
-39,-88
103,0
41,78
-69,-29
26,-70
-31,-90
105,3
-48,-82
-113,3
73,-30
-111,5
-49,-41
-40,-89
-106,-19
103,-1
104,-1
22,-72
76,-28
-48,-81
32,88
-113,-15
105,-1
90,21
101,-2
42,75
1,57
-67,47
-73,45
9,79
83,-13
81,16
-105,-14
105,4
-46,-84
-40,-73
-75,44
83,21
-41,32
-111,6
-85,32
89,-4
66,-29
-46,-85
-114,-15
-30,-91
-68,47
101,-3
-112,6
-109,-20
93,15
-40,-90
91,21
39,81
-115,-1
-49,43
-113,6
-44,38
-55,51
94,14
42,78
97,-2
-114,6
-110,-20
-41,-89
-115,-15
106,-1
-49,-82
-26,-86
-117,-2
-28,-91
76,-29
-47,-85
-76,44
27,-66
86,-7
107,-1
92,21
30,85
-43,-50
-80,-28
24,-70
-47,-64
30,81
54,26
-27,-91
5,80
12,82
-54,51
-113,-10
10,50
82,20
66,26
-27,-92
34,86
8,80
-50,-82
-49,-81
71,-29
108,-1
41,81
34,63
13,82
-43,38
78,-15
-105,-19
8,81
-104,-19
-108,-21
-97,3
14,-63
4,80
4,79
-46,21
-115,6
-64,-27
-112,7
0,57
35,64
-83,-25
61,-27
-26,-91
-26,-90
-115,0
66,27
74,-23
72,-30
-29,-91
-117,-3
-7,-72
83,22
-40,-91
12,83
106,4
-25,-86
-94,10
25,-63
-115,1
102,5
-48,-85
-84,38
-80,-29
-67,48
107,4
-7,-73
108,-2
-107,-21
-82,30
58,24
29,85
-115,-16
-40,32
-85,38
-49,-85
77,-18
-115,-17
-65,44
-51,-82
-8,-72
93,21
76,-30
-56,51
31,79
56,-27
34,87
42,81
77,-30
-27,-93
-94,11
-6,-72
-7,-74
-30,-92
78,-18
42,74
66,-30
-111,-20
65,27
-116,6
92,22
-57,51
-56,52
28,-65
-118,-3
-56,53
-69,47
-49,-80
29,-65
35,-55
-26,-89
97,15
-116,-15
16,-65
-116,7
-118,-2
105,5
-117,-15
-116,5
23,-72
37,-53
72,-31
-115,-18
-75,-25
-117,-14
-116,8
64,-30
77,-31
91,22
78,-31
89,-3
29,-66
30,-66
93,22
-17,30
-89,15
43,78
53,-29
69,20
-24,-86
72,-32
5,81
86,-8
-39,32
84,-13
-23,-86
-30,-93
-25,-91
-29,-93
-49,-86
-66,48
77,-32
28,85
-116,-14
-107,-22
12,-58
-52,-82
107,5
-58,51
-50,-85
3,80
-91,16
-5,-64
40,74
-42,-89
-31,-93
35,-56
-87,31
-112,-20
-117,-13
-117,6
-116,9
-31,-94
72,-33
108,4
69,24
27,-70
-9,-72
-114,-18
-26,-93
-66,49
-111,7
-118,6
-66,50
-116,-18
-71,22
-104,-20
-113,-20
-86,38
101,-4
82,22
105,6
-87,38
67,27
-118,7
27,-30
109,-2
79,-31
35,65
-86,-12
84,-12
-54,49
-58,52
83,-14
-47,-65
14,82
54,-29
43,77
-119,6
93,23
14,83
110,-2
-107,4
-52,-83
27,85
-29,-94
-112,8
87,23
-47,-66
37,-54
-45,-86
1,66
-117,-4
98,15
-40,-92
-118,-13
-40,-93
-22,-86
-31,-78
92,23
-88,12
43,74
-120,6
-103,-20
-1,48
-118,-12
79,-30
109,4
36,-56
-77,44
44,77
102,-3
-119,-3
-45,-62
-25,-85
-47,-57
35,87
-121,6
43,81
30,54
-24,-91
18,-65
-23,-91
32,37
-42,-90
-66,51
-65,49
-66,52
-41,-92
-95,10
105,-2
84,22
30,-65
-32,-94
-22,-91
24,-72
44,74
27,86
-92,16
31,-65
80,-30
32,89
27,87
79,-32
-32,-95
11,83
-107,-23
-1,57
-54,52
-115,9
-122,6
-116,10
100,12
-87,37
24,-73
73,-33
-54,53
-123,6
-66,-31
78,-32
-53,53
-47,-86
92,20
66,-31
-103,-21
94,23
110,4
-78,44
35,-57
111,-2
-81,-29
12,84
-43,39
27,88
-88,37
36,87
-118,-15
111,-3
-107,-24
28,-70
-53,54
35,63
77,-33
111,-4
25,-73
-49,-87
-2,64
71,-33
81,-30
-91,17
-81,-30
-67,-31
105,-3
3,81
33,54
-24,-85
44,81
26,-73
-53,55
-32,-96
15,83
45,77
45,81
29,-70
85,-13
107,6
-124,6
25,-74
46,81
36,64
-117,10
38,-24
-53,56
-82,-30
-124,7
-26,-94
73,-34
47,81
-50,-87
111,-5
102,10
23,-60
-119,-4
12,85
-26,-95
-117,-5
-53,-83
-47,-58
79,-33
-118,-1
-32,-90
-88,38
37,-52
-121,5
38,-52
45,82
108,6
30,-70
-124,8
37,87
105,-4
-118,10
-53,57
-33,-94
-119,-12
47,80
-56,54
-26,-96
-52,56
-66,-32
-27,30
-49,-79
48,80
112,-2
48,81
-114,-20
-118,11
-108,-24
-2,-69
35,88
-119,11
97,16
86,23
37,88
-119,12
35,-58
7,81
15,84
-118,12
-124,5
-2,-70
-21,-91
-117,12
-2,65
-109,-24
-118,-16
-125,5
-51,-85
2,81
-33,-96
-120,-12
7,82
37,64
-20,-91
32,90
110,-5
80,-33
44,73
-53,-84
-29,-95
-84,-24
-117,-18
-50,-40
-117,-19
97,17
102,-4
-120,-4
-33,-97
47,79
81,-29
7,83
82,-30
-121,4
-108,-25
27,-31
-33,-98
5,82
102,11
103,11
-34,-98
65,28
-78,45
-31,-96
-98,-13
112,-5
37,89
-67,51
-97,-13
45,73
-7,-75
-51,-87
26,87
104,-4
45,74
38,87
-56,55
-50,-41
-52,-87
-125,8
-77,-28
-53,-87
-53,-82
-111,-21
113,-5
-6,-74
94,21
-21,-86
45,72
89,-5
25,87
-49,-88
-33,-99
-79,45
-121,-4
73,-35
-6,-75
-89,38
-51,-40
-121,-5
15,82
113,-2
30,-71
-119,13
-48,-88
32,91
38,89
-53,58
112,-6
108,7
-87,32
-98,-14
112,-1
83,-30
-126,5
-88,31
-103,4
-120,13
-90,38
-52,58
-127,5
110,5
111,4
24,-74
-48,-57
97,18
-90,39
36,-57
-33,-93
101,-5
41,39
67,-29
98,18
-81,5
-90,40
98,-2
114,-2
-52,54
24,-75
114,-5
-53,59
11,85
27,-71
112,-7
48,79
27,89
114,-1
74,-35
-65,50
-81,-31
-116,12
83,-31
-128,5
81,-33
-21,-87
7,84
-56,56
-42,39
110,6
-48,-66
-66,-33
12,86
-7,-76
29,86
-114,-21
37,90
99,18
115,-2
-91,40
30,-69
49,81
37,91
37,92
-58,53
46,72
44,72
10,85
-107,-25
-26,-97
-106,-24
31,91
-57,56
-119,-15
82,-33
-91,41
78,-19
-79,46
-77,45
46,71
-53,48
-19,-91
110,-6
24,87
-118,-19
-57,57
-42,-92
94,24
-25,-94
84,-31
27,90
-73,46
-121,13
-18,31
-119,-19
20,-70
112,4
-80,45
50,81
-53,-86
38,-54
-34,-99
24,88
-81,-32
-7,-77
115,-5
74,-36
-49,-66
36,-58
-105,-24
85,-31
27,91
-54,59
-91,42
-79,47
86,-31
105,-5
-115,12
-1,-70
-128,4
55,-29
-114,12
-122,13
-121,-6
86,-13
30,-72
74,-26
-128,3
39,-52
52,-28
-84,-23
-92,41
-125,9
112,5
24,-76
38,92
-128,2
-125,10
47,82
-66,53
112,6
87,24
-129,3
-129,2
35,53
-20,-86
-54,-86
98,19
-89,31
-130,2
116,-5
-130,3
103,12
-52,59
-66,54
47,71
-18,-91
-91,38
-126,6
72,-35
-66,55
7,85
3,82
-131,2
3,83
-43,-92
20,-71
-7,-78
34,50
-47,-56
4,83
-6,-78
-120,-11
63,-30
-82,-32
-81,45
41,16
-40,-94
26,89
3,84
-91,43
101,-6
54,27
-102,-21
-40,-95
-130,4
79,-34
-128,1
-18,-92
-43,-93
27,92
-49,-78
-43,-94
-52,60
100,13
-121,3
116,-2
12,87
100,-4
30,-73
-68,51
108,8
92,24
-1,70
-18,-93
95,21
-49,-77
-109,-25
104,12
-52,61
3,79
34,-58
112,7
94,25
111,-7
-67,-33
-53,61
75,-36
-107,-26
-24,-94
-18,-94
11,-58
-52,-88
100,18
117,-5
-34,-100
-26,-98
32,-65
-122,14
-3,64
82,23
86,-32
27,93
36,-59
-34,-101
101,18
-26,-99
-5,-78
74,-37
-26,-100
98,20
115,-1
-132,2
51,81
110,-7
87,25
-110,-25
-105,-23
-93,41
10,86
99,-4
6,85
-129,1
-111,-25
1,81
-57,58
-33,-100
-117,13
24,-77
-132,3
98,21
95,24
-79,48
-41,39
-33,-101
39,92
-113,12
-126,10
-122,15
7,86
-34,-102
27,94
98,22
-35,-101
-28,30
-32,-100
-122,-5
31,-69
-34,-103
-32,-98
27,95
-52,-89
-36,-101
-133,2
-131,4
32,-46
-43,-52
-46,-62
87,26
76,-36
-133,1
-1,49
-34,-104
-4,-78
12,88
11,88
-67,55
-126,11
-2,66
13,88
-34,-105
-57,59
-134,1
10,88
51,80
71,-34
-133,3
24,-78
-135,1
-119,-20
-49,-57
25,-78
23,87
-90,43
-87,39
118,-5
-23,-94
-93,16
116,-1
51,79
86,-33
-2,67
-34,-106
19,-71
-53,62
-4,-79
-20,-85
-120,-19
-127,10
-49,-58
79,-35
-135,0
-126,12
-121,-3
16,84
-121,-7
86,-34
102,-6
113,7
-17,-94
-17,-95
75,-37
118,-4
-92,43
-33,-106
99,20
-132,1
-135,-1
10,89
-112,-25
117,-6
36,92
-1,-71
-54,-85
-26,-101
-33,-107
7,87
-113,-25
-122,-4
117,-7
-52,45
-104,-24
-23,-95
39,93
-50,-80
64,26
-81,-33
50,82
-135,-2
37,-59
-26,-102
10,90
-91,44
112,-8
-90,31
28,92
-44,-94
-133,4
-129,0
-136,1
-67,56
100,20
-68,56
-16,-95
2,83
46,70
117,-8
-129,-1
9,90
-57,60
-120,14
-121,-11
-92,44
-82,-33
75,-38
52,80
-85,-24
31,-73
86,-30
-67,49
-35,-106
-15,-95
23,-77
-26,-103
-128,10
-131,5
53,80
-80,-31
58,25
-32,-107
-92,45
108,9
119,-4
75,-39
-106,-26
27,96
37,93
46,74
52,81
-53,-81
-43,-95
86,-35
-44,-95
50,83
-130,-1
-25,-101
-26,-104
42,39
13,89
103,13
-69,56
-121,-19
54,80
-35,-105
-2,70
-33,-108
-35,-104
38,93
27,97
-112,12
1,82
-55,-86
40,-52
-56,60
-119,-21
87,27
-136,2
-93,17
-92,46
62,-30
-120,-21
35,92
-23,-96
-123,15
87,-32
-122,-11
-53,-80
68,27
54,81
38,-59
-34,-108
26,97
-34,-109
-54,-80
-115,-21
-128,11
-137,1
118,-3
25,97
-92,47
93,25
113,8
112,0
113,9
37,63
-34,-110
-128,12
-55,-87
40,93
50,84
38,94
13,90
113,10
105,-6
-67,57
-24,-84
58,26
-137,0
87,28
-122,-12
117,-9
-123,-5
95,25
-123,-6
-91,47
51,83
18,-71
-34,-111
120,-4
26,98
5,85
-111,12
-114,13
-78,30
31,-74
112,-9
49,83
-54,-79
87,-7
-4,-80
-35,-108
114,10
17,84
-36,-106
26,-78
102,18
39,91
83,-29
-107,-27
1,83
-131,-1
86,-14
-126,13
116,-9
-40,-96
-36,-108
-136,-2
50,85
-54,-81
32,-73
-14,-95
-4,64
41,93
-50,-57
-114,-25
38,95
-18,-95
115,10
27,98
-49,-67
-68,57
70,-34
-121,-21
82,-34
-129,11
10,91
-51,61
-67,58
-14,-94
-54,62
26,-74
33,-73
61,-30
54,79
37,-60
-130,11
96,25
-37,-108
42,93
26,-79
108,10
101,20
-93,18
-55,-79
111,-9
116,10
-19,-95
-79,49
86,-29
97,25
-26,-105
-114,-26
120,-3
118,-9
65,29
-70,56
5,86
-25,-100
55,81
55,79
10,92
-107,-28
83,-28
117,10
100,-6
27,-79
-122,-21
28,-79
-133,5
-37,-109
-133,6
120,-2
40,82
38,96
74,-39
-25,-103
-121,-12
108,11
-43,-78
55,82
119,-9
101,21
86,28
9,91
27,-80
28,98
39,89
-24,-103
0,81
-34,-112
121,-4
13,91
68,28
-92,48
-37,-110
-94,18
-50,-56
-137,2
-78,49
-54,-87
-16,-96
99,22
-138,1
-37,-111
25,-79
-93,47
97,26
98,26
118,-10
18,-72
-55,-81
-45,-94
26,-80
-1,-72
87,29
-108,-28
100,22
-68,58
40,-53
-123,-12
-124,15
30,-64
39,96
-22,-96
87,-35
118,-11
105,12
41,94
54,28
-115,-25
43,93
-51,56
108,12
68,16
-36,-105
-133,7
117,9
-92,49
87,-36
41,95
3,78
34,-73
-34,-113
-83,-32
-48,-89
-83,-30
53,79
-135,-3
78,-16
118,9
-124,-6
56,82
119,-11
-53,63
17,-71
-71,56
101,17
76,-39
113,4
-131,11
120,-1
9,92
-93,49
-53,64
37,96
-25,-105
117,11
-71,57
-137,3
103,18
93,26
118,-12
-137,4
-93,50
-138,3
-138,0
44,93
-5,-75
-69,58
118,-6
35,-73
-5,64
-139,3
42,95
99,26
-94,49
77,-39
44,94
57,82
111,-10
-43,-96
100,26
-83,-33
-56,-81
80,-13
-56,-86
-113,13
-37,-112
46,69
29,98
-122,-22
-91,18
-56,-82
-95,49
-24,-105
-57,-86
-125,15
-49,-65
24,97
82,-35
-45,-95
120,-11
14,91
-38,-112
-121,15
118,8
-116,-25
-57,-81
-38,-113
44,95
-85,-25
-24,-106
-3,70
114,11
-39,-112
-24,-107
-140,3
-137,5
-81,46
52,83
53,78
-49,-42
121,-11
122,-11
42,40
-122,-23
43,95
44,92
-32,-108
26,99
27,99
-65,-31
-33,-110
-121,16
26,-81
-132,11
29,99
86,-28
-54,64
-95,48
-131,-2
99,27
-123,-23
99,28
58,82
-40,-112
104,18
88,29
-32,-110
56,83
37,-57
45,92
111,-11
38,97
-35,-113
-50,-39
-128,13
-138,-1
99,29
-1,81
-22,-97
-124,-23
-139,-1
87,-37
121,-10
98,28
119,8
-77,49
87,-38
-125,-23
85,-28
6,87
122,-4
-125,-22
-139,0
-71,58
35,-74
-94,41
-23,-106
82,24
-122,-24
-87,13
27,100
29,-79
92,26
-24,-108
85,28
86,-38
110,-11
87,-39
-58,-81
38,63
-71,59
0,71
-106,-28
-50,-58
-117,-25
-121,-24
-124,16
-41,-112
26,-82
-52,63
-24,-100
-67,59
88,-39
-117,-26
120,8
39,97
27,-82
-52,64
1,84
100,25
40,41
118,-13
38,-57
-42,-112
24,89
56,79
118,-14
-83,-34
-140,-1
50,86
9,93
84,28
-2,81
-42,-113
120,9
-2,82
118,-15
-121,-25
49,86
89,29
-132,12
123,-11
-106,-29
81,-35
36,96
-23,-107
-141,3
89,30
-79,50
56,84
-57,-82
-93,51
-106,-30
87,-40
35,-75
124,-11
-40,-113
88,-37
56,85
-3,-80
99,30
30,98
-41,-96
-31,-110
-142,3
48,86
43,96
-117,-27
121,9
-39,-113
-124,-5
26,-77
-33,-112
46,68
124,-12
-42,-114
58,83
9,94
124,-10
124,-9
-66,-34
-114,-27
-55,-88
-15,-96
88,-32
-79,-31
36,-75
120,0
88,-35
-132,13
-43,-112
-58,58
-140,4
-141,2
3,77
75,-40
-136,-3
-143,3
13,-63
-121,-26
-106,-31
-144,3
-92,50
108,13
-133,8
27,-83
122,-3
122,9
8,92
41,-53
-92,51
-79,51
36,-73
18,-73
121,-1
123,9
-23,-105
-126,-22
83,28
28,100
-145,3
-144,2
57,79
122,-5
-23,-100
-50,-67
27,101
40,97
-58,60
-16,-97
125,-12
89,-35
124,9
-82,46
102,-7
111,-12
8,94
58,27
-42,-115
100,28
43,97
-146,3
126,-12
125,9
-128,14
-83,-35
-144,1
-16,-98
7,94
-67,-34
-44,-96
36,95
58,81
9,95
118,-16
-58,-86
100,-7
38,62
0,84
50,79
-127,-22
-131,13
53,77
-43,-111
-43,-115
28,-83
-59,-81
-80,-33
41,97
-40,-114
-138,-2
-43,-116
-38,-109
69,28
-121,-27
73,-39
-128,-22
55,84
-83,-36
124,-13
110,-10
97,27
123,-3
27,102
-147,3
-95,47
116,11
123,10
28,-84
28,-85
101,26
-77,50
-72,59
59,81
-6,-79
96,27
99,31
86,-27
-133,13
-127,-23
-16,-99
124,-14
126,-13
-123,-11
87,-41
-68,-34
99,32
89,-39
46,92
-145,1
125,10
40,42
38,98
126,-11
-101,-21
-145,4
125,11
-73,59
99,33
78,-39
64,-31
-1,84
-3,82
-44,-50
-122,-27
124,-3
-129,-22
36,-76
43,40
89,31
-43,-117
-122,-28
-50,61
-54,65
-33,-113
-42,-117
-129,-21
-120,16
126,-10
-123,-28
-13,-95
79,-36
-52,65
31,98
-88,30
-143,4
-41,-117
3,85
-4,70
-145,0
48,87
122,-12
98,30
-39,-114
-37,-105
0,72
-94,51
-137,6
-89,30
57,85
56,86
-15,-99
7,95
30,99
125,-3
126,-9
-43,-118
-49,-43
-44,-51
127,-13
-50,62
-135,-4
-44,-118
27,-85
-49,44
-58,-87
23,97
-15,-100
119,-16
-125,16
-28,31
89,32
90,-39
60,81
-122,-29
127,-14
-45,-118
36,-77
41,98
-147,4
-46,-118
55,86
7,92
-136,-4
89,-37
127,-15
37,-75
-58,-88
-105,-28
10,95
-19,-85
-129,-23
-123,-29
89,-34
-67,60
-40,-117
-121,-28
-58,-80
-147,5
-91,48
-136,-5
36,97
126,10
99,34
-94,52
37,-73
-2,84
121,10
-2,-80
70,-35
117,-16
43,98
37,98
45,95
117,-17
-5,65
121,11
64,-32
122,11
90,-38
127,10
-145,-1
6,95
-50,-68
41,99
-147,6
-58,-79
-129,14
44,97
-5,-80
83,29
55,87
-140,-2
9,96
-3,-81
81,-36
41,-52
127,-11
-1,85
-148,3
70,28
-2,-81
121,-12
30,100
-51,57
-96,49
-3,81
-43,-114
-148,2
30,101
126,-15
26,-83
37,-72
-30,-110
123,8
-134,-4
-50,63
-55,-89
-92,38
100,34
-51,-56
102,26
32,-66
-43,-119
-145,-2
-146,6
-56,-89
-146,7
89,-32
-3,80
90,-40
29,-83
-123,-27
6,92
-146,-2
128,-15
29,-84
-35,-114
-71,60
125,12
-149,2
46,93
128,-16
36,-72
42,99
-6,36
125,-15
18,84
61,81
-147,7
-92,52
41,100
-93,38
-150,2
121,12
-123,-30
91,-39
57,86
22,97
-59,-86
25,-82
-124,-11
118,-17
-130,14
120,-16
-124,-27
104,19
41,-54
1,85
124,12
45,97
-149,1
-3,84
127,9
7,96
-146,-1
-95,18
87,-42
124,13
-125,17
89,-33
-58,-89
30,-84
-59,-82
-24,-109
101,34
-95,52
-67,61
-123,-31
36,-78
-51,-67
-134,-5
73,-40
-22,-107
-50,64
127,-9
41,101
-52,66
36,-79
-55,62
128,-11
-50,-59
129,-15
-124,-28
-59,-89
30,-63
-44,-119
27,103
35,-79
-147,8
-140,5
-150,1
28,103
-123,-32
30,-85
-43,-120
6,96
73,-41
-4,71
-130,-23
-4,72
124,-4
-44,-114
-145,7
-67,62
46,95
63,-32
-66,61
-148,4
-146,8
-67,63
-108,-29
41,102
-42,-120
-93,37
-15,-101
57,87
128,-17
-44,-97
-52,-56
116,-10
123,-5
70,-33
9,97
-22,-108
-146,-3
2,77
-26,-106
125,-4
-96,52
-148,8
90,-35
-124,-12
42,102
31,-85
5,96
-84,-34
-47,-118
103,26
128,-18
-113,14
22,-77
-83,-37
102,34
-131,-23
-134,13
118,-18
-121,17
-149,4
-48,-118
10,97
-151,1
53,76
5,95
8,90
-49,63
31,-86
-66,63
28,104
92,-39
9,98
36,-80
27,-86
-60,-89
-132,-23
58,87
38,-75
59,87
92,-40
121,-16
26,103
127,8
31,-87
9,99
-116,-27
-95,41
-46,-119
128,-19
10,98
127,-8
-135,-5
-2,48
96,28
-133,14
21,-77
-151,0
60,80
-125,-12
-5,70
-33,-114
-152,1
128,-8
-59,-85
29,103
35,97
86,-15
27,104
-94,37
-144,7
-49,-118
-151,-1
-103,-22
128,-9
101,33
-52,-67
127,-17
-44,-120
-135,13
124,14
-96,41
39,-57
40,102
127,11
-124,-32
-152,-1
101,35
-153,-1
-126,17
120,1
-12,-95
-133,-23
117,12
-54,66
60,79
-144,8
-125,18
30,103
-45,-114
-97,52
103,34
129,-11
-98,52
-97,53
55,88
-95,53
117,13
-82,-37
-42,-121
-144,9
-50,-118
39,-75
-125,-32
-105,-29
128,-13
126,-3
86,-41
129,-8
-125,-31
-35,-115
-150,4
36,-81
-149,8
-151,4
-68,63
90,32
-151,-2
-51,-118
46,97
-97,49
9,100
-39,-115
93,-39
40,103
-2,-68
6,93
130,-15
102,35
-118,-27
55,89
39,-74
-151,-3
-55,66
-42,-122
104,26
43,102
100,31
-47,-59
-23,-109
-53,-56
-15,-102
46,98
-42,-123
5,87
-22,-109
126,8
90,33
58,88
-123,-33
-1,86
-11,-95
26,104
128,11
-126,18
46,99
-97,48
-111,-26
118,-19
43,101
130,-16
11,98
93,-38
41,42
9,101
-22,-110
104,34
26,105
47,95
-136,13
39,103
-21,-110
87,-43
25,104
26,106
-50,65
117,-19
-58,-78
-17,-91
-19,-86
-123,-34
26,107
87,-44
-41,-123
32,-85
130,-17
-73,60
27,106
-15,-103
5,97
116,-11
-44,-98
-107,-31
131,-15
-40,-123
69,-34
-80,51
132,-15
60,87
-119,16
-43,-122
-152,4
-40,-124
-140,-3
-124,-34
104,35
104,36
47,96
-21,-107
-98,51
-41,-124
-90,47
132,-16
-56,66
-124,-35
58,89
-96,42
40,104
25,103
129,-9
-91,51
-126,19
-140,-4
40,105
-140,-5
-151,-4
46,100
83,30
-73,61
8,101
-80,-34
130,-8
4,96
39,105
-143,9
126,-17
46,101
-98,53
7,101
42,-54
8,102
-98,50
36,-82
-42,38
-94,36
-10,-95
-141,5
54,89
-40,-125
-56,67
-149,7
127,7
-136,-6
101,36
-44,-121
-40,-126
-122,-34
125,-17
26,-86
-99,53
-137,-6
126,-2
-66,64
116,13
-151,-5
-119,17
-100,-21
115,-11
-66,65
-57,67
61,79
105,36
-153,1
26,-84
128,12
31,-88
-41,-126
54,90
-20,-110
32,-88
-67,65
131,-8
62,81
-126,-32
133,-16
128,7
-81,-37
38,-72
-1,87
-40,-127
-151,-6
10,101
-74,61
44,40
-127,19
45,40
39,102
-55,67
-58,67
-135,14
104,20
93,27
-52,-90
9,102
-20,-109
129,7
-152,3
-119,18
-140,-6
-80,52
32,-87
-154,1
129,-19
-96,53
-41,-127
-19,-110
58,90
55,90
-2,87
134,-16
8,103
-121,-34
25,-86
-52,67
88,-43
101,37
-66,66
-74,62
25,-81
-98,54
-150,7
86,-16
-50,66
60,78
118,13
8,104
-132,-22
-151,-7
-155,1
124,15
-57,68
-155,0
-155,2
124,-17
-125,-24
-144,10
-57,69
-50,67
62,79
-98,49
-60,-88
132,-8
-133,-22
-99,54
-152,-7
-56,69
-156,0
-155,-1
135,-16
-32,-114
135,-17
-137,13
8,105
-69,63
-39,-127
-138,13
-51,-68
-100,53
117,-20
128,-20
-152,-8
128,-21
101,38
-59,-90
130,-19
-152,-5
32,-69
61,87
24,98
136,-17
135,-15
106,36
-38,-127
-60,-90
137,-17
-66,67
9,105
-152,-9
-50,-42
-125,-35
86,-44
-152,-10
119,13
119,-19
6,101
129,6
-18,-110
93,-40
-20,-108
-137,-7
105,34
28,-86
-131,-24
120,13
93,-41
-135,15
36,-83
-119,19
-4,84
104,25
-156,2
-133,-24
105,26
126,12
71,28
-42,-126
132,-14
-42,-127
-138,14
47,99
118,-20
-128,19
55,91
-123,16
-52,-40
9,106
37,-61
-56,-90
-95,54
9,103
41,105
39,-72
-152,-11
-43,-127
-149,9
-125,-36
28,-87
-60,-85
25,-87
129,5
63,79
-155,3
-155,-2
128,-22
129,11
-125,-37
-5,84
-61,-88
-62,-88
-144,11
138,-17
107,36
125,15
-100,-22
-100,54
-50,-69
-50,68
-43,-128
-60,-91
-156,-2
-67,67
-93,52
-157,2
88,-44
-44,-128
39,-73
-100,55
-50,-65
55,92
101,39
47,100
-43,-129
100,36
-100,52
10,106
-133,-25
-155,4
138,-18
36,-84
100,37
-128,20
37,-81
-153,-7
102,-8
138,-16
-62,-87
-128,21
39,106
128,13
-124,-37
-40,-128
9,107
-138,15
-158,2
-149,10
-155,5
-138,16
-93,53
-101,53
-63,-88
-30,-109
-159,2
42,-53
-63,-89
-18,-111
98,34
6,100
-51,55
59,89
125,16
24,103
25,106
-46,-120
31,103
125,17
120,14
46,102
-92,53
-40,-129
4,97
-125,-38
57,78
131,-7
-102,53
-100,56
129,4
-156,5
36,-85
-97,42
9,108
48,96
-118,-28
64,79
131,-9
38,-81
-52,68
-150,8
-55,-90
-40,-130
-18,-112
94,-38
-159,3
70,29
-14,-101
138,-19
-121,-35
-149,11
-79,-34
139,-19
-52,-118
37,-85
-38,-126
-44,-127
-150,-7
35,-85
7,105
-45,-128
10,108
-9,-95
104,37
-6,65
-156,-3
130,11
-118,-29
-156,6
129,13
-18,-113
116,14
0,58
-121,-36
-64,-89
38,106
88,32
75,-41
60,89
107,35
140,-19
-67,68
-157,0
70,-36
-98,42
-100,57
108,36
108,37
-31,-114
87,-45
39,-71
22,98
131,11
140,-18
128,-23
-100,58
-154,-7
39,-81
-157,6
124,17
-157,-3
-123,-37
100,39
-160,3
-46,-128
131,-6
130,13
22,-78
-37,-127
131,13
-4,-81
-99,57
26,108
-133,15
101,40
39,-70
141,-19
90,-32
-47,-128
11,106
-63,-90
-134,-24
116,-17
132,11
-100,59
-159,1
-153,-10
-53,-118
-19,-108
3,97
-50,57
-49,65
26,-87
2,97
-65,64
129,3
-160,4
65,79
130,10
-63,-91
-47,-129
89,-40
61,-31
-127,-32
-113,15
-160,5
62,87
132,-6
141,-20
132,13
131,14
-157,-4
-4,81
-9,-94
-46,-129
-125,-39
-103,53
124,18
39,107
-3,85
63,87
133,13
55,93
-84,-36
-124,-39
124,19
24,106
88,33
28,106
-139,14
-96,10
129,-23
-106,-32
-8,-95
-100,60
-95,36
123,19
-40,-131
-160,1
-54,-118
1,97
64,27
-9,-93
-128,22
-63,-87
-125,-40
-101,59
-68,68
-126,-39
139,-16
141,-21
134,13
85,-41
-47,-130
-43,-130
-125,-41
8,108
133,-6
69,-36
-133,-26
-81,51
-153,4
64,87
-123,-39
135,-14
-120,-34
-158,6
-161,4
-129,22
-99,59
-96,18
-40,-132
-64,64
-2,-79
1,96
-102,59
73,-42
-52,69
100,40
109,-10
-17,-113
-160,0
-156,7
134,12
-3,63
-52,-119
-160,2
-22,-111
0,97
-158,7
-39,-109
27,108
-41,-121
62,78
-103,52
40,-73
89,-43
-80,53
-60,-92
134,11
-3,72
119,-20
-123,-21
39,-80
-7,-95
130,5
48,100
-47,-131
-120,-35
-103,59
-54,-117
-149,12
7,108
72,-39
123,20
-124,-41
63,81
142,-19
-103,60
-65,-89
64,88
-18,-114
-90,51
-48,-131
85,-44
-158,-4
140,-21
38,107
60,90
109,37
-150,10
130,-20
-144,12
-101,60
-39,-130
26,-88
-19,-114
134,14
47,102
20,-77
-80,-37
95,-38
65,88
-37,-128
129,-24
109,38
-47,-132
109,39
-53,-119
66,88
51,-28
31,-89
64,81
-20,-114
96,-38
-80,-38
-60,-93
96,-39
123,21
10,109
-161,1
73,-43
-160,-1
-156,8
-47,-133
97,-38
-125,-42
-38,-130
132,-9
-101,61
-91,53
130,6
135,12
41,106
99,40
-36,-128
132,-5
129,-25
-130,-24
142,-18
60,91
-46,-121
-138,17
-85,-36
89,-44
37,-86
93,-42
-46,-133
-129,20
-132,-26
-48,-133
135,13
-60,-94
-43,-131
-162,4
139,-15
-40,-122
-156,9
-153,-11
-51,-117
-99,60
135,-13
-158,-3
-153,-12
-148,12
122,20
-125,-25
-35,-128
-98,60
66,89
110,39
-48,-134
124,21
98,-38
-143,12
-45,-133
-150,11
-86,-36
21,97
-20,-115
72,-43
-148,13
60,92
66,79
38,-85
99,-38
-35,-129
-2,-82
-48,-128
-125,-43
39,108
-50,-55
-133,-27
-134,-27
-103,58
-133,-21
78,-20
-40,-133
-66,68
60,-31
39,-59
133,-9
42,106
-14,-103
23,106
-162,1
-163,4
129,-26
-68,65
131,5
-114,15
-127,-39
129,-27
-156,10
-158,-5
39,109
67,89
48,102
68,89
141,-22
-134,-23
-8,-93
109,36
-55,-117
132,-4
67,79
130,-23
48,99
138,-20
-125,-44
-153,-13
-19,-115
39,110
39,111
-49,-131
16,-71
35,-86
5,101
-49,-134
101,41
90,-44
27,109
-154,-11
-104,60
-139,17
124,22
-156,11
-49,-135
142,-20
-125,-45
117,-21
-7,65
-67,69
-163,5
-48,-135
42,-52
134,15
41,-73
6,108
-92,54
141,-23
-16,-113
10,110
-104,53
-98,41
131,-23
109,35
-5,83
120,-20
115,-17
-162,0
-79,-38
-104,52
-128,-39
10,111
-150,12
-21,-115
9,111
-52,-68
40,111
56,93
99,-39
31,-90
-79,-39
134,10
-56,-117
-60,-95
-105,52
-106,52
133,-4
-144,13
8,111
87,-46
24,-86
79,-18
8,112
87,-47
26,-89
0,98
104,38
110,40
-163,6
23,-86
-91,54
-14,-104
-123,-41
-13,-101
26,-90
25,-90
-41,-133
25,-91
28,109
142,-22
60,93
40,-80
-40,-134
-2,88
-164,6
-81,53
37,107
40,-81
-40,-135
42,-73
-67,70
-4,73
43,106
35,-87
43,-54
-56,70
-162,-1
-156,12
-65,-90
87,-48
69,89
-13,-103
-106,-33
-60,-84
-163,3
-48,63
67,80
131,15
-158,-6
1,98
-19,-116
-61,-95
-113,16
-165,6
111,40
99,-40
-150,13
134,-4
-163,-1
143,-20
-139,18
39,-85
-48,64
-124,18
144,-20
134,9
140,-15
-134,-25
-124,-45
39,-86
98,40
-14,-105
-152,-13
8,113
-49,-136
136,-13
-166,6
-155,12
-164,-1
44,106
-59,-78
124,23
-4,74
-6,-95
-96,17
135,14
-34,-129
68,79
130,3
-164,-2
-153,-14
104,39
61,93
43,-73
130,-21
136,13
44,105
-126,-41
142,-17
-147,-3
-1,98
-39,-132
8,114
-128,23
-59,67
-107,52
-65,68
-123,-45
40,112
-50,-134
-68,69
137,13
-150,14
130,-27
141,-15
-52,70
-4,75
-56,-118
-163,7
-133,-28
-56,-119
-34,-130
135,-4
7,113
-82,-38
2,39
6,113
100,-39
-35,-130
-50,-135
117,-22
-167,6
45,106
-45,-134
63,78
-126,-45
68,90
-103,57
6,114
131,16
-162,-2
31,-91
47,103
-95,55
-59,-95
-4,85
-34,-131
84,30
41,-81
-155,-11
-104,61
137,12
-165,-2
-167,7
144,-21
-162,-3
69,88
42,-74
-155,-12
55,94
-107,53
39,-87
-16,-114
-105,51
-168,7
49,102
6,115
105,18
-64,-87
-63,-92
69,87
-57,-119
9,114
8,115
-81,-28
-159,-6
43,-74
142,-23
-97,60
-151,-10
121,20
110,-12
145,-20
97,34
-5,75
-33,-131
50,102
-67,71
-45,-135
5,113
140,-23
-49,-137
124,24
41,112
11,101
24,102
-140,18
-164,-3
130,-28
-16,-115
-58,-119
-58,-120
90,-45
134,16
138,13
68,91
8,116
-147,13
51,102
69,90
-124,19
91,-44
125,24
-32,-131
88,-48
-128,-38
-45,-136
-58,69
-60,-81
43,-55
-155,13
-154,12
-95,56
87,-49
8,117
134,17
4,113
-59,-119
-15,-114
110,41
-65,-91
97,35
28,110
-108,53
-39,-135
124,25
-38,-135
70,88
-169,7
4,114
-169,8
130,-29
-51,-119
39,-88
-153,-15
-49,57
-60,-119
-31,-131
-170,8
-32,-130
-169,9
-108,54
6,116
-165,-1
145,-21
41,111
-19,-117
-31,-132
-48,-137
-3,87
-154,-15
-44,-136
112,40
146,-21
-46,-114
113,40
104,40
-40,-136
31,-92
-165,5
112,41
-56,-116
-107,51
52,102
68,29
25,-92
110,42
-20,-117
41,113
-134,-28
-50,69
114,40
-105,61
89,-48
127,-21
116,-20
52,76
136,-4
-58,-121
143,-23
120,20
-135,-25
111,42
-58,-122
143,-24
-109,54
145,-22
40,-88
-66,-90
101,42
-53,-120
144,-24
-154,-16
-3,88
-6,-94
-87,-36
94,-42
135,17
146,-22
-12,-103
115,40
-83,-38
-170,9
33,-66
100,42
111,43
-98,61
-32,-129
7,117
-5,81
-51,-135
3,114
-139,15
-169,10
7,118
131,17
-15,-115
-126,-46
-155,14
123,25
-14,-115
135,18
-105,62
-152,-15
65,78
129,-28
-103,61
-13,-115
28,111
-37,-135
6,117
146,-23
-1,-82
-110,54
-44,-137
-168,10
116,-22
-53,70
-67,-90
141,-14
7,119
-88,-36
125,25
-157,12
-37,-136
28,112
-66,71
0,96
99,-41
-168,11
147,-21
-112,16
136,-3
-100,61
-127,23
-56,71
139,13
-98,62
-101,62
-169,6
-137,-8
40,-89
44,-74
41,114
-59,68
-135,-28
140,13
131,-27
-156,-12
37,62
70,89
-168,12
90,34
-140,19
68,78
69,79
-155,15
53,102
137,-13
-34,-128
-4,88
2,114
-49,-128
134,-9
-40,-137
39,112
-65,71
-37,-137
-21,-117
-156,-11
-48,-138
-4,89
141,-13
62,93
-48,-139
-165,-3
1,99
49,96
110,43
101,43
-41,-137
-167,11
139,14
9,117
-52,-135
42,112
120,21
100,-40
-157,13
-129,23
-86,-37
137,-12
-19,-118
120,-21
-81,54
43,-72
-127,-46
69,78
141,-12
-127,-47
-136,-25
-98,63
-110,53
-167,12
147,-22
28,113
3,115
24,-91
-135,-29
144,-25
141,13
123,26
70,79
-96,60
86,-49
38,112
-154,-17
68,92
62,94
102,43
-122,-45
-57,-116
41,-89
-67,-91
41,115
-127,-45
40,115
71,79
-171,9
148,-21
9,118
-127,-48
-45,-98
143,-25
-147,14
-110,55
63,94
-49,-138
-8,65
-169,11
17,-73
8,119
71,78
71,88
148,-22
136,18
-156,15
-166,12
130,-30
-128,-46
99,-42
-42,-137
84,-44
61,94
-129,-46
32,-92
-50,-138
89,-49
111,39
-54,-56
-49,69
37,112
90,-48
73,-44
-134,-21
29,113
35,62
-38,-105
38,-61
-166,-1
149,-21
41,-90
-62,-95
-168,13
-96,40
5,102
100,-42
43,112
-110,56
131,-30
126,25
-110,57
-4,90
6,119
-170,6
-151,14
-167,13
-45,-50
115,41
141,12
-168,14
-50,-137
-68,-91
-30,-131
100,-43
142,-25
-37,-138
-129,-39
3,116
-101,63
148,-23
9,119
-19,-119
11,111
-122,-46
2,116
149,-23
127,25
-170,5
100,-38
131,-31
137,-4
141,11
141,14
-61,-119
-127,-49
-89,-36
150,-23
-64,68
7,120
-66,72
115,-22
117,-23
148,-20
99,-43
-126,-47
89,-50
-130,22
103,43
-6,81
64,94
89,-51
-169,12
-98,64
88,-51
40,116
-53,-68
143,-17
-165,4
-12,-104
-116,-28
41,-91
-154,-18
-155,16
-172,9
-173,9
-56,72
89,-52
-164,-4
134,18
39,116
135,9
-53,-135
70,90
57,93
-2,98
-30,-132
56,94
42,-81
-172,8
-173,10
-54,-135
-168,15
-74,59
-154,-19
-56,73
-108,51
-134,15
101,-43
53,101
60,94
49,103
52,103
-101,64
98,41
-166,-3
116,41
-38,-138
-166,0
-69,-91
99,-44
-38,-139
43,-56
3,117
-137,-25
-2,-83
40,-85
-60,-118
28,114
144,-26
0,59
142,-12
-10,-72
-58,-123
-162,-4
0,-82
-169,15
-57,73
-1,96
-98,65
90,-52
30,113
-69,65
115,39
141,15
-56,-115
-44,-138
124,26
39,117
-166,-4
-156,16
141,10
-98,66
-155,-19
-111,57
127,24
65,94
72,88
1,116
-97,66
-170,11
117,41
-102,64
6,120
132,-31
-59,-123
133,-31
52,104
150,-21
141,16
-101,65
62,95
53,104
-110,52
133,-32
-128,-48
-111,52
11,110
5,120
-124,-46
90,-53
-112,52
-63,68
10,119
41,-92
-169,16
-12,-115
118,41
-102,65
129,-29
71,77
64,95
-55,-135
-172,7
141,17
70,91
128,-29
128,-30
-127,-50
46,106
-29,-132
-44,-139
141,18
-173,11
-34,-127
-171,5
44,-72
-12,-116
149,-20
-60,-123
-16,-116
71,90
-130,-46
44,112
71,87
4,120
-157,16
-56,-135
-53,-136
3,120
-173,7
141,19
-30,-133
88,-52
-5,76
151,-21
100,-44
128,25
-103,65
141,20
100,-41
150,-20
-57,-135
-12,-114
99,-45
41,116
-62,-119
131,-32
-5,88
128,-25
-53,-137
-174,7
-12,-117
101,44
126,26
127,-3
142,19
-127,24
-111,58
-112,53
28,115
145,-26
10,120
-155,-20
28,116
45,112
-104,65
-52,71
45,-72
1,117
39,118
-167,14
-74,63
152,-21
44,-54
-170,15
10,121
101,-40
102,-43
-52,-39
72,90
39,119
-171,15
91,-53
6,105
128,26
60,95
-113,52
-105,65
-175,7
-166,-5
-54,-68
68,93
-170,16
7,121
-106,-34
84,-45
-6,-96
-128,-50
100,-45
102,-44
-154,-20
-111,59
-38,-140
142,20
23,-87
-126,20
73,88
134,-32
6,121
40,119
-6,88
-126,-50
40,120
153,-21
-155,-21
149,-24
-171,16
-21,-118
64,96
25,-93
154,-21
154,-20
77,-40
69,93
-135,-30
142,15
135,-32
103,-44
-111,60
-37,-140
46,107
40,121
0,117
-127,22
-5,90
-7,81
-112,57
-155,-13
103,-43
27,116
2,120
-122,-41
-22,-118
-112,54
-57,-136
-13,-105
73,90
-39,-140
-166,14
-57,-137
53,105
131,-33
-1,117
12,111
-173,12
126,27
41,-85
-39,-141
-166,4
-111,61
-66,73
-47,-139
126,28
73,87
-130,-39
8,121
-3,98
-11,-117
120,22
-13,-117
-61,-123
-58,-137
-136,-29
104,-43
-69,69
53,106
136,-32
45,-73
-53,-138
115,38
-112,60
101,45
40,122
-105,66
88,-53
-173,13
-135,-31
141,9
1,120
-99,42
142,13
-63,-95
-126,-51
-94,19
-47,-140
-106,-35
155,-20
23,-91
46,-73
-54,-138
133,-33
-59,-137
2,121
143,20
-113,60
104,-44
-58,-77
-62,-123
117,42
-31,-129
-30,-134
-38,-141
-106,62
135,-33
-47,-141
-12,-118
-60,-137
65,95
-173,14
70,93
-37,-141
24,-93
142,9
-46,-141
-134,-31
-2,117
142,-11
137,-11
156,-20
-170,17
156,-19
-130,-38
-166,3
101,46
72,77
-63,-119
145,-27
-90,-36
46,105
-75,63
115,42
130,-33
10,122
-156,-20
-31,-134
157,-19
-46,-142
-167,0
154,-22
-129,-48
-112,61
-28,-132
158,-19
-70,-91
-156,-21
4,121
-131,-38
-57,-134
-56,74
44,-75
118,42
-31,-135
74,90
6,109
27,117
42,-85
53,107
-11,-104
-114,52
-176,7
-173,15
-175,6
-58,-134
115,43
-46,-143
24,-90
159,-19
-156,-22
68,30
92,-53
-40,-140
-59,-138
-127,25
159,-18
-154,16
-46,-144
-49,68
-114,60
53,108
-120,-36
-60,-96
-68,71
-157,17
32,-91
85,-49
127,28
159,-17
69,94
10,123
-2,99
-164,-5
-57,-138
156,-18
-56,75
1,121
127,-25
-3,117
-115,52
-56,-114
-37,-142
-70,-90
127,-30
28,117
116,43
160,-18
-4,117
-160,-6
-157,-12
42,-89
-114,53
104,-42
-153,16
116,38
43,-89
-6,90
135,-34
-41,40
-100,42
73,77
-167,15
10,117
-37,-143
149,-25
129,26
129,27
-168,0
161,-18
-11,-103
44,-89
5,108
-12,-119
60,96
19,-77
136,-34
151,-23
84,-46
-12,-120
-121,-46
46,112
-157,18
-89,51
-126,-49
-174,13
-8,81
162,-18
-158,-12
90,-54
-159,-12
-155,-18
119,41
-141,19
147,-23
-126,-52
-131,22
69,95
-167,-4
-12,-121
42,116
145,-28
143,-11
146,-26
-97,67
1,122
-177,7
134,-34
89,-54
-39,-142
24,-94
101,47
122,26
71,80
43,116
-48,65
43,-85
-115,60
-106,63
-156,-23
-107,63
74,77
1,123
-178,7
54,108
-18,-119
-47,-144
-48,-144
64,97
151,-24
25,-94
-147,15
-13,-121
-106,66
-49,-144
-179,7
-112,62
-170,18
100,-46
-142,19
75,90
162,-19
-27,-132
10,124
64,98
41,122
75,77
163,-19
65,97
129,-33
-113,57
-67,73
164,-19
-54,-67
72,80
-125,-51
156,-17
-179,6
-170,19
-113,62
-47,-145
75,-42
-104,66
-17,-119
150,-19
-174,15
-156,-24
-170,20
-113,63
-116,60
91,-35
44,-88
-161,-6
-61,-96
-59,-139
135,-35
-166,-6
-166,-7
-175,15
55,108
-167,-5
-69,-90
-101,66
6,122
142,17
143,9
-179,8
9,124
119,42
-101,67
-177,6
-116,59
-50,-144
164,-20
-59,-140
-100,-23
-24,30
-36,-138
-105,-34
-167,-7
-180,8
39,122
65,96
-47,-146
-5,117
143,-16
141,21
-157,-24
-127,-52
-143,19
111,44
66,97
-117,59
-116,52
-60,-140
-180,6
-128,-51
119,43
26,116
-47,-147
-3,116
-101,68
-12,-113
-61,-137
120,41
75,76
-60,-117
-175,5
-75,61
55,95
-154,17
143,13
0,121
136,-35
105,-42
-175,13
-96,61
-167,16
-96,66
10,-58
11,122
119,44
145,-29
-4,98
45,-88
-106,-36
39,123
-5,118
31,113
41,123
-48,57
-136,-31
8,124
154,-23
-63,-123
93,-53
-117,58
155,-22
121,41
9,125
142,21
74,91
-166,-8
101,48
-66,74
-3,115
-63,-124
75,78
-5,77
55,107
143,12
60,97
-100,68
-49,70
10,125
-11,-121
-97,68
165,-19
38,123
72,91
133,-34
-17,-120
104,-41
-69,71
-71,-90
114,-17
26,-94
155,-17
70,95
129,-34
129,25
94,-53
-60,-136
156,-16
56,107
157,-20
-181,6
-132,-38
-182,6
-11,-118
55,109
-171,19
126,-21
-49,-145
16,-72
-7,82
164,-21
-142,20
-60,-141
-175,4
10,126
57,107
42,123
38,124
142,22
-148,15
-45,-144
132,-34
42,124
73,80
119,45
-157,-25
54,109
129,28
101,-46
145,-30
-157,-26
106,-42
-176,15
-165,14
144,13
-177,5
0,123
-50,-143
-136,-8
-124,-51
-127,26
75,91
-181,5
128,-33
41,-93
47,-73
157,-21
-168,-7
-64,-119
-156,-26
-166,-9
-70,71
-137,-31
-65,-119
102,-46
40,-91
119,46
-139,19
-59,-141
-51,-144
-172,5
-59,-142
46,-88
-117,52
-129,24
-115,61
143,22
-113,64
-52,-138
-112,64
163,-21
156,-15
-166,-10
-157,-20
-56,76
1,124
-158,-20
-182,5
10,127
64,99
-61,-85
9,127
76,77
-158,-26
-72,-90
-72,-91
-114,64
116,44
112,44
-108,63
-71,71
11,126
-131,-46
146,-30
-167,-9
-29,-134
166,-19
27,118
37,124
-169,-7
-49,-146
-60,-142
125,28
166,-18
11,124
33,-92
-147,16
144,22
1,125
-59,-143
-2,118
-26,-132
-47,-148
76,78
43,123
12,124
1,126
120,46
-113,51
70,96
166,-17
-48,-148
-48,-149
-157,19
76,91
-19,-120
107,-42
12,126
-117,60
-62,-137
-181,4
-11,-122
-181,3
-68,-92
145,22
-47,-149
68,31
43,-90
-25,-132
44,-90
-158,19
-157,20
76,92
-63,-137
145,-31
-167,17
48,-73
-128,-52
-63,-125
77,77
-130,-48
166,-20
-61,-141
-57,76
-72,71
143,17
0,124
-168,-1
-61,-142
107,-43
-182,7
88,-54
-66,-119
-131,-47
-1,121
-63,-138
-183,5
58,107
93,-52
-137,-32
118,40
-46,-149
-169,-8
135,-36
-17,-121
-45,-149
22,-86
-128,-53
-126,26
-39,-143
-12,-122
137,-34
-169,19
58,106
37,125
-29,-135
-158,-27
-49,-149
-73,-90
-47,-150
-176,16
-167,-3
138,-34
-29,-136
-158,-28
-100,69
44,-56
-170,21
-40,-143
41,-94
-6,91
-45,-150
-11,-119
-177,16
57,108
102,47
77,92
-159,-28
144,23
-7,90
118,-23
-74,-90
-172,19
45,113
-66,-35
0,-83
-70,-92
87,-16
59,107
-74,64
-45,-151
71,96
-88,-37
-67,74
-61,-117
-173,19
45,-90
-102,68
42,-51
46,-74
-97,47
-142,21
-183,7
-184,5
-114,65
-137,-33
42,-94
167,-20
-117,57
94,-54
-181,2
-117,61
135,-37
-68,74
118,46
-97,69
13,126
77,91
-100,70
-115,64
-52,72
45,-75
-11,-105
1,127
-176,17
40,-94
75,92
45,-76
-115,65
101,49
88,-55
-159,-26
147,-30
42,-95
-174,4
144,17
-181,1
-5,-94
-11,-123
73,-45
-158,-29
166,-16
144,-31
38,125
-101,70
-6,75
60,107
-47,-151
55,110
24,-95
-40,-144
22,-91
-62,-136
55,111
144,9
-173,20
-170,-8
128,28
0,127
-79,53
40,-92
57,109
-128,26
-177,15
158,-21
78,91
-2,-84
13,127
166,-15
-132,-46
42,-96
-60,-143
136,-37
1,128
107,-44
-73,71
147,-31
-6,-97
-5,-97
-166,17
71,-43
46,-89
144,24
127,-33
165,-16
56,111
-64,-123
167,-21
114,12
72,96
-94,55
167,-22
-172,20
-62,-141
-61,-143
107,-45
167,-23
75,93
-5,-98
43,117
-10,-104
-171,-8
145,21
40,-75
-116,64
-133,-38
100,45
-118,61
-61,-144
137,-37
-31,-136
119,47
-56,77
138,-4
-181,0
89,-55
28,118
-37,-144
-62,-140
38,126
-47,-152
-130,-49
-40,-145
-184,7
14,127
91,-54
-6,84
144,-32
64,100
94,-55
-159,-11
-123,-51
-177,14
-66,75
0,128
-101,71
9,128
-1,123
-152,-16
-132,-45
21,-91
164,-22
-4,-97
-91,55
-24,-132
-59,-79
-4,118
-159,-10
78,77
-182,0
-76,63
-107,-36
-56,78
-64,-138
-62,-144
-185,7
-59,-144
-159,-20
0,129
42,125
-116,63
-14,-121
-123,-52
100,49
46,-87
-64,-125
6,123
164,-23
-119,20
-117,51
-159,-21
43,-71
144,12
-67,-119
-117,64
-2,123
-140,20
-63,-144
26,109
-11,-124
-64,-95
-101,72
137,-38
-75,-90
103,-46
-6,118
0,130
-76,-90
-73,-91
36,124
-185,5
-36,-143
-158,-30
-113,65
168,-21
148,-31
43,125
137,-39
90,-55
-129,26
43,126
79,91
-10,-121
-166,-11
-172,-8
167,-15
-10,-124
-117,65
21,-92
79,77
-158,-31
-2,124
43,127
-132,22
-6,119
101,-47
118,47
79,92
75,89
-61,-145
119,-23
-55,76
131,4
167,-24
-159,19
129,29
99,-46
-3,123
-28,-135
169,-21
148,-32
-10,-118
142,23
-117,66
88,-56
144,11
60,108
-185,4
28,-40
-75,-91
95,-54
-166,18
43,-96
-66,-118
-173,21
-180,9
166,-14
13,128
115,-23
43,128
13,129
-68,-119
-11,-125
-170,22
-113,66
-133,-46
-12,-125
-170,4
167,-16
-47,-153
-118,65
118,48
-159,-25
39,126
42,-97
-76,-89
0,-81
-63,-145
145,24
138,-39
-113,17
-113,50
38,127
121,42
-61,-146
-3,122
-137,-34
-74,-89
-157,21
145,25
-186,4
148,-33
-7,118
13,130
-95,60
169,-22
-187,4
168,-24
-90,55
96,-54
-175,17
-126,-53
-58,73
-102,69
167,-25
159,-16
-180,10
-159,-31
167,-26
-112,66
-48,-153
87,-56
43,-97
145,9
31,-93
94,-56
-68,-120
-102,72
-7,88
-180,0
-4,122
94,-57
80,77
-123,-53
157,-15
-128,27
-187,3
72,97
72,98
129,-35
-69,-119
156,-14
45,114
-40,-146
22,-92
78,76
-47,-154
145,26
61,107
-6,85
-49,-153
-137,-35
145,8
118,49
-76,-91
108,-44
144,18
-99,70
-122,-53
78,78
-157,22
-160,-20
-188,3
-7,117
-128,-54
-62,-135
-112,67
-23,-132
128,-35
138,-40
79,93
13,125
169,-20
119,49
57,110
-65,-138
-47,-155
-118,52
-4,-96
97,41
-186,7
169,-24
0,131
-9,-118
-49,-154
-58,76
35,124
-8,90
122,41
-27,-133
-189,3
-106,67
163,-23
118,50
44,-97
-180,2
108,-43
-23,-131
-61,-147
164,-24
146,22
80,78
-174,20
44,128
101,50
-157,23
-123,-54
-129,-54
35,125
-184,8
46,-90
71,98
-106,68
70,97
-4,123
-76,-92
-126,27
168,-15
-187,2
45,128
-25,-133
-160,-31
-171,22
44,-98
170,-20
-167,18
-49,-155
-175,3
73,-46
-10,-125
64,101
-129,-55
169,-15
-61,-148
-36,-141
-160,-25
-189,2
127,-34
90,-56
87,-57
-46,-154
42,-82
146,8
-190,3
9,129
45,129
80,93
154,-24
-47,-156
-120,-46
-119,65
129,-36
-184,9
81,78
107,-46
-37,-145
-119,66
170,-15
-118,59
-6,86
167,-27
-123,-50
79,90
-130,-55
-176,18
48,-74
142,24
-172,-9
170,-14
34,-92
-56,79
-46,-156
-46,-157
97,36
-57,79
44,-99
-47,65
-37,-146
145,18
81,77
34,124
120,49
-9,90
-49,-156
-65,75
-50,-156
-174,21
-119,61
42,-98
-113,67
147,22
146,18
-46,-158
-2,-85
-171,23
-120,66
-187,1
154,-17
87,-58
-5,123
-77,-92
146,25
-158,-13
168,-27
-178,16
109,-43
-36,-146
26,-95
107,-47
-183,9
170,-13
-70,-119
13,131
169,-27
-190,4
-55,79
0,132
-57,80
-57,81
148,-34
107,-48
149,-34
95,-57
167,-28
171,-20
126,-34
111,45
45,-97
139,-39
-54,76
172,-20
-71,-119
-72,-92
169,-28
167,-29
43,129
166,-13
170,-27
-131,-55
43,130
-8,117
-49,-157
-36,-145
-64,-145
-12,-126
122,40
61,106
-191,4
-60,-79
-192,4
-115,66
-130,26
74,80
-6,120
-77,-90
-74,71
-95,66
-192,3
-161,-31
-142,22
117,50
-137,-30
-186,1
146,26
-31,-137
46,-76
12,131
-102,73
-54,-55
1,131
80,90
147,25
-45,-154
147,18
171,-27
-49,-158
47,-89
-5,124
166,-12
0,133
-51,-59
21,-86
64,102
147,8
-56,81
9,130
-166,-12
95,-42
147,-34
44,126
149,-33
120,48
-155,-26
-61,-149
47,-90
172,-21
-158,22
172,-27
-175,21
173,-27
79,94
-142,23
103,47
-77,-93
-65,-137
95,-58
-137,-36
-31,-138
-189,1
-50,-158
-10,-126
-36,-147
172,-28
-192,5
-120,67
-172,-10
-48,70
14,130
123,41
148,22
-103,72
-156,22
171,-13
-10,-105
-184,10
173,-20
-51,-156
-103,69
139,-40
74,-46
-61,-84
-165,-12
47,-87
130,27
-176,21
-90,-37
107,-49
9,131
34,125
-192,2
43,131
-60,-147
-133,-45
156,-13
-129,-56
-6,124
-7,124
-48,-158
-119,59
-151,-9
-120,68
-177,21
11,131
107,-50
108,-47
-173,-8
43,132
101,51
-64,-126
-51,-158
42,131
-162,-31
-70,-120
82,78
95,-59
40,-95
1,132
-175,22
-65,-139
-3,114
145,27
-35,-147
152,-24
-78,-93
71,99
79,95
-158,-32
46,129
-184,11
-178,14
-190,1
81,93
81,76
40,-96
-5,125
138,-41
-192,1
-65,-145
-78,-90
131,27
174,-20
171,-15
-86,-25
-9,-105
121,46
-45,-158
-54,79
131,28
149,22
108,-50
-61,-150
-5,126
-65,-140
48,-87
146,-34
-50,-159
-49,-159
-193,5
-11,-126
-135,-23
82,76
-102,74
1,133
-172,-7
169,-29
-120,61
167,-30
136,19
49,-87
-9,-119
32,-93
-44,-158
-48,-159
-158,23
109,-50
-9,89
-104,-34
-163,-31
-72,-119
-44,-159
175,-20
81,94
-101,52
-1,131
-175,23
-121,68
75,75
50,-87
176,-20
-180,-1
116,50
-167,-12
-63,-135
-184,12
43,133
-194,5
-107,68
122,39
-72,-118
-1,133
148,8
-62,-149
171,-12
-44,-160
96,-58
-61,-151
42,-99
173,-28
-174,-8
135,-38
-103,73
13,132
175,-21
-56,82
171,-28
149,21
109,-47
-132,-55
-61,-152
138,-42
51,-87
-34,-147
8,131
-113,68
-3,113
103,48
173,-29
-102,75
44,116
-55,81
1,134
177,-20
-62,-152
50,-86
-66,-117
-66,-138
-67,-138
81,92
176,-19
-9,-124
-175,-8
157,-13
-195,5
-120,65
44,133
176,-18
-2,133
-104,73
-64,-96
142,25
-52,-158
-176,-8
174,-29
-113,69
-8,116
174,-30
-3,133
-49,-160
-63,-152
-72,-117
-4,-94
-63,-153
79,96
11,117
-193,2
47,129
-73,-119
-4,133
1,135
-128,-55
-8,-124
-131,-54
-113,70
1,136
42,-100
14,125
-6,121
-196,5
-159,-22
-120,69
168,-30
-7,125
-63,-154
14,132
-43,-160
-154,-26
-173,-10
-124,-54
-79,-90
172,-29
85,-50
-62,-154
139,-41
-49,-161
-73,-117
-196,4
-10,-127
-64,-154
-10,89
0,136
21,-87
-49,-162
45,-56
56,112
-143,23
-62,-147
110,-50
-169,-9
-8,115
58,110
-47,70
-42,-160
178,-20
174,-27
178,-19
123,39
-104,74
7,131
-73,-116
-125,26
-144,23
148,18
-42,-161
-9,-126
147,26
83,78
81,90
26,-96
-121,69
-17,-122
178,-18
-42,-162
-4,132
24,-96
20,-91
-138,-36
24,-97
-179,14
-120,70
-49,-163
-4,-98
149,-35
14,128
84,78
174,-31
174,-32
108,-51
81,95
179,-20
100,51
-167,-13
172,-12
-7,-124
135,-39
166,-30
124,41
24,-98
-8,-105
174,-33
-162,-32
-11,89
110,-51
68,32
-9,81
28,119
-23,-130
-197,4
-5,127
-3,112
147,24
-68,-138
-3,-94
-42,-163
-173,-11
147,27
174,-34
110,-52
-161,-25
145,28
-98,70
-177,20
-129,-57
178,-21
-162,-33
-128,-56
-56,83
-31,-139
132,28
47,128
175,-29
-120,64
-122,68
-192,0
173,-12
-43,-163
-62,-155
-7,-105
82,30
-66,-145
121,45
144,14
137,-42
68,33
-67,-137
178,-17
-186,0
82,75
146,-35
1,137
-120,59
-43,-164
-9,-106
179,-19
43,134
14,133
-160,-28
-180,14
176,-29
2,133
45,-99
-177,22
137,-43
39,-69
-102,76
-9,116
2,136
-65,-154
125,41
-196,6
-63,-126
-54,81
178,-16
-30,-139
45,133
115,50
45,-100
-94,66
150,22
180,-19
-7,126
-77,63
-12,-127
23,-98
25,116
148,27
178,-15
-119,52
-193,1
-63,-149
179,-21
125,42
71,100
-164,-31
-161,-20
176,-30
45,134
148,17
-70,-121
-53,81
77,90
-65,-155
172,-30
-177,23
-66,-146
-105,68
-25,-134
-59,76
-7,-125
76,89
-9,-127
50,-88
-130,-57
-10,116
-44,-163
-131,26
-70,-93
-197,6
-197,7
-120,71
-197,8
-197,9
-192,-1
-198,8
-174,-11
-120,-33
-104,75
42,127
-123,68
-34,-146
175,-34
-3,134
52,-87
79,89
48,128
132,29
149,-36
-128,28
82,94
-191,-1
-191,-2
-158,-33
-185,11
-91,-37
-9,-128
-67,-146
-66,-154
-67,-154
149,-19
-41,-163
166,-11
-194,1
-184,13
176,-31
-22,-131
-79,-93
-53,-158
73,98
159,-15
150,-36
-197,10
53,-87
-11,116
-65,-156
-184,14
-6,77
180,-18
42,134
-68,75
-43,-165
96,-59
15,127
-56,84
-157,24
173,-34
-139,-36
60,109
-44,-149
116,51
99,-47
-66,-144
-132,-56
-86,-38
-67,-144
126,-35
-197,11
-8,114
-171,24
-67,-153
145,29
176,-34
43,-84
-199,8
-1,-85
49,-86
-131,-48
-197,3
-122,-47
-61,-116
-158,-34
140,-40
-162,-34
149,23
91,-56
-68,-153
41,-98
150,-37
-185,13
-132,-48
-178,23
-53,-159
-74,-116
-200,8
82,90
49,128
-121,70
-171,25
-74,72
-73,72
-123,69
-8,118
-156,24
-133,-44
83,79
-55,84
7,132
176,-35
73,99
145,30
121,49
-74,73
-189,0
6,131
-178,21
-79,-94
-41,-164
70,100
122,49
49,129
177,-31
35,123
14,134
-162,-20
-198,4
-121,65
138,-43
3,133
145,7
15,134
149,27
82,89
-198,10
-8,-128
-164,-30
41,-100
123,49
177,-34
-50,-163
88,-57
-123,70
132,-35
-201,8
-179,23
-41,-165
172,-34
-68,-137
42,135
-7,114
-65,-157
-9,-129
46,134
-123,71
-159,23
150,-38
149,26
42,136
-40,-164
-75,73
-191,-3
-200,9
1,138
82,92
-57,84
176,-28
-6,-125
-190,-2
-164,-32
-201,7
-41,-162
166,-10
151,-25
-115,67
-107,-35
180,-17
-200,10
-68,-146
57,112
83,75
45,135
-58,80
85,78
5,103
-124,70
16,134
-9,118
-101,74
-195,1
-99,71
-21,-131
-62,-156
-80,-94
151,-36
-41,-166
178,-22
-39,-164
-65,-158
126,-36
-199,4
-123,67
16,135
165,-30
-74,74
-186,13
173,-35
-133,-56
179,-15
42,-101
110,-53
-5,132
79,97
126,42
42,-102
-62,-157
41,-102
151,22
44,135
61,105
-162,-35
14,135
-119,71
149,28
-49,-164
-12,116
176,-36
-124,71
-69,-153
-39,-165
83,90
111,-51
121,50
-202,7
-156,21
-38,-164
33,124
-64,-127
-11,90
41,-103
-156,25
50,129
-8,-129
121,51
-34,-148
149,8
46,133
110,-43
-199,3
173,-11
145,-34
-200,4
-190,5
-177,-8
178,-23
16,136
-6,132
143,-10
-197,12
-203,7
149,29
47,-91
-69,-138
-203,6
-129,-58
-171,26
-64,-158
149,17
48,127
177,-36
-5,133
48,126
166,-9
152,-36
127,42
176,-27
83,89
-111,-27
123,50
-193,-1
-121,-53
-68,-147
78,96
106,-50
-179,16
-66,-157
-41,-167
133,-35
-178,24
-102,77
153,-36
83,94
-69,-146
44,136
-8,126
2,137
167,-31
-70,-146
-10,-129
44,137
-8,124
-5,98
-53,-160
-134,-46
1,139
-49,-165
178,-34
116,52
-165,-30
-71,-146
82,88
-194,-1
-170,26
-124,72
-6,-126
176,-37
-74,-115
-30,-140
145,31
-123,72
152,22
-124,69
-38,-163
41,135
-64,-159
-12,89
-8,123
49,130
-5,134
-9,-130
68,-36
-5,135
179,-34
180,-15
-71,-147
46,-99
-201,10
180,-34
42,137
179,-14
-140,-36
145,12
-81,-94
-199,2
47,133
-165,-31
65,102
47,-99
108,-52
166,-8
-178,20
179,-23
104,48
38,117
-105,74
-53,82
-75,-115
-73,-120
-166,-30
150,8
158,-22
-125,70
-174,23
-172,-11
-67,-155
-160,-12
-88,-38
146,31
-196,12
83,95
-125,72
181,-15
45,137
149,16
-70,-94
181,-34
-157,-34
34,-93
56,113
-69,-154
-125,73
-62,-158
-100,74
-197,13
181,-33
46,137
-126,72
178,-14
133,29
-120,52
174,-11
116,53
36,-45
23,-95
146,32
-64,-160
177,-37
-161,-35
49,131
175,-37
1,140
1,141
-134,-47
-120,51
180,-35
-128,-58
-44,-151
-1,136
18,-77
-102,78
124,50
-156,26
47,134
-145,23
142,26
41,134
62,107
139,-42
2,135
-53,83
50,128
109,-53
115,53
51,129
-178,25
174,-37
-133,-57
112,-51
-188,0
124,51
-3,-96
-141,23
-125,74
-49,-166
152,23
-175,24
2,141
-112,70
117,52
150,26
174,-10
-104,76
-65,-160
-194,-2
47,135
73,100
175,-11
-69,-155
-76,73
-197,14
-69,-152
181,-18
-100,75
-105,75
-65,-161
121,52
-70,-152
181,-14
-48,-166
3,141
151,26
41,137
-179,22
47,137
181,-32
-72,-147
51,128
-197,15
-126,74
-203,5
4,141
-203,8
47,-100
84,95
-102,79
-71,-145
42,138
-81,-95
-201,11
-71,-152
50,131
-156,27
-8,125
-11,-129
51,127
181,-19
-178,-8
-73,-147
-81,-96
-203,9
-204,9
182,-14
-179,-8
-162,-25
-205,9
-134,-57
-47,-166
-180,16
147,31
-134,-45
57,113
180,-23
-81,-97
-99,75
112,-50
111,38
-11,-130
-170,27
54,-87
-70,-122
-71,-144
-33,-147
-66,-160
-39,-166
41,-104
121,53
51,131
-13,116
-133,-58
149,-38
-39,-167
44,138
-41,-168
116,54
180,-36
-39,-168
86,78
-171,27
37,127
182,-13
181,-36
-195,-2
165,-31
158,-23
-133,-59
-64,-161
-50,-162
-65,-141
-74,-119
0,141
-125,75
173,-37
4,140
57,114
182,-32
17,136
-50,-166
182,-18
0,142
24,-99
47,138
-127,74
-162,-36
-6,135
-194,-3
55,-87
-205,8
-166,-31
-201,12
-113,71
79,98
113,-51
-165,-29
121,54
99,51
-8,-130
-101,79
-5,-125
-206,9
-194,-4
178,-13
-96,69
-134,-59
148,31
-39,-169
4,142
-207,9
109,-54
52,131
149,31
-186,12
48,138
109,-55
-205,10
149,-39
1,142
182,-17
70,-43
-38,-169
-203,10
-8,66
87,78
-11,-131
174,-38
-67,-160
183,-32
-71,-153
84,90
149,32
-38,-170
-157,26
40,-98
-71,-143
-171,28
-50,-167
-57,85
-57,86
145,32
40,135
121,55
24,-100
47,-101
-23,-133
-180,22
-19,-84
-74,-147
-207,10
51,126
124,52
149,33
150,17
153,-37
83,96
-125,76
41,-105
-102,80
16,127
-208,9
42,139
-204,5
-50,-168
-38,-146
126,43
-67,-156
-6,134
-205,11
52,127
4,143
136,-43
-204,4
182,-19
95,-60
53,131
-41,-169
5,143
150,33
-53,-161
53,127
-70,-138
-194,-5
-200,2
56,-87
85,90
-40,-169
24,-101
79,99
51,-88
148,33
151,-38
-118,71
24,-102
-67,-161
-3,-98
172,-11
179,-36
109,-56
-50,-169
-162,-37
177,-38
125,52
-124,67
-198,15
128,42
-186,14
-51,72
40,-105
-208,8
101,52
84,96
151,33
-208,10
-7,-128
-128,74
-197,16
-76,-88
-171,29
150,34
4,144
-78,-94
-58,84
54,131
178,-38
175,-38
151,34
54,132
-51,-169
23,-101
-101,77
91,-57
-37,-169
-40,-170
-70,-155
-132,-59
178,-12
-159,24
-178,-9
183,-33
-104,77
84,79
-6,-127
-172,29
174,-9
150,35
24,-103
-75,-114
-205,4
-51,-163
-37,-163
-8,-131
-55,85
68,-37
25,-102
-75,-113
-120,50
148,34
-209,10
-5,-127
-7,135
85,91
88,78
-64,-162
-125,77
-157,-35
-210,10
79,100
128,43
174,-8
-53,76
-204,3
-25,-135
102,-47
88,79
23,-103
53,126
-74,-118
-199,15
174,-39
-194,-6
-205,3
9,132
138,-37
40,137
0,143
-57,-77
-204,11
181,-37
79,101
179,-38
84,94
110,45
-205,2
84,97
135,-43
6,143
183,-19
150,36
48,139
-32,-147
184,-19
-36,-163
62,108
-57,87
151,17
-36,-169
-160,24
-208,7
-209,7
138,-44
-125,78
-9,91
-132,-60
-210,7
177,-27
114,-51
6,144
82,87
88,80
-7,136
-190,-3
95,-61
85,96
-211,7
182,-37
179,-39
-38,-171
182,-12
151,36
57,115
55,132
6,145
183,-13
-157,-36
-210,11
88,-58
-49,-168
42,-50
182,-38
174,-40
-212,7
-81,-98
-1,142
-8,-119
153,-35
-126,78
-52,-169
-31,-147
-211,6
180,-39
-46,-166
152,36
-75,-147
104,49
-156,-36
152,-38
16,137
-34,-149
79,102
-127,78
185,-19
178,-27
-211,5
39,137
-39,-171
-75,-118
-135,-59
-128,78
-36,-168
86,91
153,-34
-212,8
-64,-163
165,-32
-204,2
-40,-171
48,140
42,140
-52,-168
-38,-172
-118,-30
-57,88
-64,-164
-200,15
152,17
-210,12
-8,127
-9,127
-121,-54
83,74
4,145
17,137
49,-74
-7,137
-79,-95
-119,72
165,-33
-65,-126
-127,-58
48,-99
-134,-60
-135,-46
52,132
-129,78
-82,-96
110,-55
175,-10
-52,-170
1,143
-75,-146
151,37
40,-106
48,141
-50,-170
49,140
-211,4
-35,-163
-212,9
183,-31
180,-40
126,52
152,16
-212,4
139,-4
-127,-59
87,91
-57,89
63,107
-201,15
150,37
-41,-171
41,-106
149,-40
-213,4
89,80
-65,-164
-204,1
-6,137
3,144
88,-59
-178,26
-73,-121
-75,-145
55,133
-70,-137
-212,10
-11,-132
-10,-132
-178,27
-213,10
-64,-165
-103,80
-105,77
-63,-165
86,96
-36,-170
-76,-113
-52,-171
38,137
-46,-167
46,-101
-120,-53
50,140
17,138
79,103
-166,-32
-140,23
-132,-61
-214,4
83,73
-124,66
-7,-131
-75,-144
-204,0
115,-51
-2,142
112,-52
88,-60
-214,3
4,146
70,-44
-53,-170
-200,16
-12,88
-125,79
-128,73
181,-12
-41,-172
38,138
-50,-171
95,-62
39,-98
55,131
-134,-61
-42,-172
-74,-148
-205,0
186,-19
-170,29
-49,-171
-79,-40
-68,-160
-75,-148
-162,-38
177,-39
173,-40
0,144
41,140
-169,29
181,-23
87,80
