0,-1
0,1
-1,0
-2,0
1,0
1,-1
-3,0
1,1
-1,-1
1,-2
0,2
1,2
0,3
-3,1
1,3
-3,-1
0,4
2,-1
-3,2
-1,-2
0,-2
2,2
-4,1
-4,2
-1,3
1,-3
2,3
-4,-1
-5,1
-6,1
-1,4
-5,-1
-7,1
-8,1
0,-3
0,5
-7,2
-8,2
-4,-2
-6,-1
2,-3
2,4
-7,-1
-8,0
-4,3
-3,3
2,-2
-6,-2
-6,2
-9,2
-6,-3
-5,2
3,4
-8,-1
2,-4
3,2
3,5
-2,4
3,1
-9,0
-7,3
-7,-2
4,2
-10,2
0,6
-10,0
-7,-3
-6,-4
-6,3
4,5
1,-4
5,5
3,-4
3,6
4,6
-8,-2
3,-3
0,-4
0,-5
3,-1
-7,4
4,7
-9,1
4,-4
5,-4
5,7
2,-5
6,5
-1,-3
-11,0
0,-6
-7,-4
3,7
-2,-3
7,5
0,-7
0,7
8,5
6,-4
5,8
4,-5
6,-3
-7,-5
6,-2
6,-1
-5,3
0,-8
-11,2
-11,1
5,9
-10,-1
7,4
8,4
0,-9
9,5
7,6
-2,5
-8,-4
-2,6
-1,-8
-8,-5
-12,0
5,10
8,3
-7,-6
4,-6
7,-4
-1,7
6,10
0,-10
-11,3
5,11
-7,-7
10,5
-8,4
7,-3
-4,4
-12,1
6,11
5,-5
7,-1
10,6
6,-5
8,-4
8,2
-13,1
-9,-2
11,5
2,7
-6,-5
-3,5
11,6
6,-6
8,-5
-9,3
9,-4
12,5
12,6
-2,7
-9,4
-9,-4
12,7
-13,0
0,-11
-3,6
-8,-7
13,6
12,8
-11,4
11,4
-11,5
-14,0
-6,-7
8,-6
-9,-5
13,5
-13,-1
8,-7
12,4
-15,0
14,5
-1,-9
-2,-8
10,4
-8,5
7,10
7,11
13,8
14,6
9,-5
-12,5
15,5
16,5
15,6
-9,-7
2,-6
15,7
-12,6
15,4
1,-9
16,7
8,6
-2,-9
8,7
-11,6
-14,-1
9,-6
-10,-7
10,-6
-12,-1
-3,7
-13,6
-3,-8
10,-7
-4,7
-13,7
-14,7
-14,8
17,5
7,-2
-15,-1
17,7
6,12
7,12
6,7
10,-8
-1,-11
8,-3
-11,7
-14,6
18,7
17,8
-10,-6
15,8
-15,6
15,3
14,8
-1,-12
-13,8
-13,9
8,12
-13,-2
8,-8
-12,9
9,-8
8,13
-12,10
11,-6
9,-3
11,-7
-15,1
-13,10
19,7
-16,6
-17,6
-9,-8
-11,10
-1,-13
6,13
-9,-9
-16,-1
0,-12
9,13
-14,9
9,2
7,-6
-1,-14
0,8
9,14
10,2
-6,-6
9,15
0,9
19,8
8,14
2,8
12,-7
0,-13
3,-5
4,8
-13,11
10,14
-2,-11
18,8
8,15
10,15
12,-6
8,16
10,7
-15,8
-17,-1
-11,-7
13,4
10,-9
8,17
11,-8
1,-13
-2,-14
12,-8
7,-8
8,18
20,7
8,-9
13,-7
-9,-10
20,8
12,3
4,11
-18,-1
16,3
8,19
19,6
11,8
-19,-1
-7,5
-19,-2
11,-9
-14,-2
-20,-1
-3,-11
-5,7
7,-9
21,8
-13,12
7,-10
21,9
-2,-15
1,-14
-10,-10
-3,-14
14,9
15,2
-3,-10
-16,8
-3,-15
-3,-16
7,19
12,-9
13,-8
-17,7
-2,-16
6,19
11,9
-20,0
1,-12
11,15
-11,-10
7,20
-1,-15
6,20
-19,0
7,21
-12,-10
-20,-2
-21,-2
-9,-11
22,9
-4,-11
-18,6
-15,-2
12,-5
-21,0
-4,-16
9,18
-21,1
-19,-3
-19,-4
20,6
16,8
-20,-3
11,10
22,10
0,-14
12,-10
-5,8
8,-10
11,-5
-22,1
23,9
5,20
24,9
0,-15
-4,-17
14,-8
10,16
19,9
24,8
-14,1
-21,2
6,21
-12,-7
-19,-5
22,11
-13,-7
-5,-17
-21,-3
-19,1
-12,-11
-23,1
8,21
16,2
21,6
4,20
-14,10
6,22
-6,-17
15,-8
-22,2
-18,7
-22,-2
-23,0
-17,8
-19,7
-20,-5
-9,-12
-5,-18
-24,1
8,22
23,11
-12,11
-14,12
-25,1
16,-8
-19,6
23,12
23,13
-15,12
24,10
-23,-1
-24,-1
4,21
23,14
15,-7
2,-12
-3,-13
-4,-18
-26,1
8,-11
-21,3
-18,8
25,8
-12,12
15,1
-6,-18
-2,-17
0,-16
17,-8
-7,-17
-10,10
-25,-1
-4,-19
-4,-20
-19,-6
-27,1
22,6
-14,13
-1,-16
15,-6
26,8
27,8
23,15
9,22
8,-12
-12,-8
7,-12
28,8
24,13
8,-13
-4,-13
4,22
28,7
-19,8
-23,2
16,-7
23,16
4,23
-19,-7
-22,3
25,13
17,2
-20,-7
-21,-4
18,2
25,7
-22,4
25,10
21,5
-20,8
-14,14
-28,1
25,12
-28,2
-12,-12
-28,3
11,16
6,23
-5,-20
9,-11
8,-14
-13,13
-29,1
-12,13
-4,-21
-8,-12
-21,-5
-29,0
22,12
-4,-22
-21,8
19,2
-27,3
-2,-18
3,20
-5,-21
-7,-18
-5,-22
3,23
-23,4
-21,9
-20,-8
-13,-12
-16,12
27,9
-22,-4
-3,-22
-11,11
-2,-22
-28,4
-28,5
0,10
26,13
-6,-21
-22,9
-19,9
-29,3
2,-13
-7,-19
3,22
-29,-1
29,8
5,23
-22,8
5,13
29,7
-27,5
9,-13
24,16
-3,-23
19,1
26,12
30,8
1,-16
-1,10
-30,3
-2,-21
26,11
-8,-13
17,-9
-30,-1
-10,11
-13,-13
15,9
30,7
2,-16
-16,13
-22,10
-10,-11
-26,-1
-30,1
-16,14
-1,-22
-31,3
-31,1
17,-7
-14,-12
3,24
-14,15
-29,-2
26,14
31,7
-12,14
20,2
12,-4
-15,14
-4,-23
-29,4
-22,11
-27,-1
9,-14
-6,-22
27,7
10,-14
-6,-23
-30,4
-6,-24
30,9
25,6
25,5
-22,12
4,24
31,8
-23,10
-21,-8
-7,-24
-15,-12
-22,13
3,-16
0,-22
-32,3
-22,-8
27,6
-1,-23
-7,-23
-24,10
-24,11
-27,6
18,-9
-22,-9
-14,-13
-24,12
32,8
-25,10
10,-11
-33,3
18,-7
-31,0
27,11
8,-15
10,-12
19,10
29,6
9,-15
-14,-14
25,16
18,-10
32,9
-23,8
4,25
-25,12
-23,-9
8,23
9,23
10,22
13,-9
-1,-21
-7,-20
-25,-2
15,0
-8,-18
-6,-25
11,-12
11,-13
-8,-23
-9,-23
-1,-24
12,-3
-23,-10
26,16
-15,15
31,6
-5,-23
-32,4
-1,-25
-27,7
-15,-13
-15,-14
-15,16
-32,5
-6,-26
26,17
-21,12
26,18
-6,-27
12,15
4,26
-26,12
-11,14
-34,3
-7,-27
-23,13
26,19
-32,6
5,25
-22,14
-33,6
9,24
-16,16
11,17
-22,15
-7,-25
-33,4
19,-10
-17,16
-7,-28
3,25
-34,2
-23,15
-9,-24
28,11
27,17
12,17
-6,-28
4,13
27,18
10,-15
10,24
-21,-9
-13,14
33,8
-26,-2
-8,-20
11,22
33,7
-27,8
-7,-26
12,22
-30,-2
-31,-2
-5,-28
4,27
1,-22
30,6
11,23
25,4
-15,-15
9,-16
20,-10
30,10
-24,-10
10,25
25,19
27,13
-2,-25
-10,14
-34,6
26,4
-1,-26
-8,-24
27,14
30,5
4,28
-6,-29
19,-11
-4,-28
-21,-7
5,26
25,18
32,7
-1,-27
5,27
-26,-3
-24,-9
-35,3
-31,-3
-36,3
8,24
13,22
-32,0
-31,4
-34,7
-10,15
-7,-29
-36,2
20,1
-14,16
31,10
28,14
28,18
-10,-23
-2,-27
-32,-3
25,20
-22,-10
-3,-28
-25,-10
-3,-29
-23,-11
34,8
26,20
11,-15
7,24
-8,-28
35,8
22,16
-8,-27
-35,6
33,9
-26,-10
-22,16
34,9
0,-25
18,-8
14,22
-27,12
34,7
-9,-27
-16,17
-16,18
-14,17
-36,6
33,10
24,6
35,7
-8,-29
4,29
-27,-2
-18,16
-31,5
-2,-28
-8,-25
2,25
-13,15
19,-9
29,10
21,1
12,21
-3,-30
-18,17
27,4
-36,1
3,21
3,-17
-3,-31
-5,-29
-10,-27
34,6
-11,-27
-27,-10
27,3
33,11
-33,-3
5,28
-24,15
-26,-4
-9,-29
-3,-32
-37,6
-2,-32
-7,-30
4,30
-33,-2
35,9
-7,-31
-18,18
-10,-26
18,-11
28,17
-36,7
-18,19
3,26
-9,15
6,27
15,22
21,-10
28,3
5,30
-33,-1
-6,-31
-10,-29
4,31
-32,-4
34,11
-37,1
6,30
28,19
-19,19
-27,-11
-9,-30
1,-25
-27,-12
35,6
0,-23
21,-11
-6,-32
29,18
36,7
29,17
0,11
-2,-30
-11,-26
-17,14
-21,14
19,-8
24,20
-9,-31
19,-12
-32,7
-4,-32
-11,-29
-25,15
29,11
4,32
-34,8
-34,9
-28,-12
-37,0
-27,13
-15,17
-9,-18
-25,11
-7,-32
-20,19
-4,-33
37,7
9,-17
7,30
-11,-25
-11,-24
-11,15
36,8
-12,-29
-38,0
-12,-28
28,2
3,31
-1,-30
-28,-10
4,33
21,-12
26,21
0,-30
27,20
-2,-33
-16,19
-1,-33
-28,12
34,12
-2,-34
-35,9
-38,-1
29,19
-12,-25
-32,-5
11,24
7,31
-38,6
-23,-12
10,-16
-39,0
29,3
-37,-1
-26,-12
2,22
2,24
-8,-32
-5,-33
-12,-24
1,-26
-33,-5
30,18
-29,12
9,-18
2,31
23,20
-6,-33
29,12
4,34
14,23
31,18
12,-13
-38,7
-1,-34
4,-16
-23,16
31,5
-29,-12
31,4
32,6
-9,-32
38,7
-26,-13
-12,-30
0,-34
34,13
-12,-31
8,30
-36,0
-33,9
-13,-28
3,34
-38,1
-1,-35
-12,-32
-37,-2
-1,-32
-14,-28
36,6
-13,-29
-2,-35
1,-34
37,8
-12,-33
0,-35
-29,-10
-15,-28
-1,-36
31,3
-1,-37
31,2
34,10
-30,-10
-24,16
-29,11
22,-10
-35,10
-13,-24
-25,16
7,32
-33,-6
0,-32
0,-37
22,-12
-2,-36
-28,-11
-23,17
-34,-5
31,17
-34,-4
22,-13
3,35
18,-6
-30,-9
39,7
34,14
-37,-3
34,5
-38,-3
40,7
3,36
-2,-37
1,31
8,32
-28,-13
-29,10
-34,-6
-13,-31
20,-11
-2,-38
2,36
-9,-33
0,-38
31,19
38,6
-20,20
-6,-34
5,32
17,-10
-39,-1
1,30
3,28
27,21
-26,15
40,6
22,-14
-25,17
38,8
-26,16
34,4
-29,-13
35,4
22,-15
23,-15
-12,-34
8,33
-12,-26
32,18
5,12
4,36
23,-16
-28,-14
28,1
-14,-31
7,33
-13,-34
23,-12
30,3
22,-9
-39,6
5,36
-39,-2
-37,-4
31,20
1,-37
-37,7
24,-16
23,-11
-32,9
-12,-35
8,34
-27,-14
35,14
2,37
31,21
32,19
32,3
-35,-6
-21,20
32,17
-39,1
-21,21
-30,-13
-31,-10
-1,-38
-13,-35
24,-12
-36,9
-37,9
-26,-14
-13,-36
-38,8
-13,-27
0,-39
0,-40
39,6
-14,-32
33,18
24,-17
-9,-34
1,-40
-40,-1
-13,-37
21,-15
-9,-35
8,35
-23,18
40,8
1,-17
-27,-15
-38,9
-16,-28
-35,11
-39,9
18,-12
1,22
-12,-36
27,1
-28,-15
-9,-36
-22,21
9,33
-23,19
0,31
-12,-37
-27,14
25,21
1,36
-18,20
0,-36
-30,-11
-41,-1
-35,12
-40,6
-42,-1
-43,-1
-30,-8
-39,10
9,32
0,-41
-27,16
-42,-2
24,21
41,8
-38,-4
-20,21
-36,11
-17,-28
42,8
24,-18
1,25
24,-19
30,20
41,7
10,33
-1,-28
10,34
-14,-36
10,35
8,31
-10,-18
32,16
-1,-41
28,20
25,-16
-14,-37
2,-37
26,1
10,36
-15,19
8,36
33,16
1,37
0,37
26,-16
24,-13
-40,9
-40,10
-39,-4
-18,21
-39,2
-26,17
-10,-22
-38,10
1,38
-31,-11
2,-40
7,-15
-12,-23
24,-11
32,20
25,-18
43,8
40,9
-36,12
-29,-15
12,9
-41,0
-29,-16
0,25
-19,21
-40,8
-10,16
0,38
-22,20
0,32
36,14
-39,3
-14,-35
-15,-31
-36,13
25,-19
8,37
26,-18
-30,-12
5,37
2,-41
0,-42
43,7
39,5
8,38
-26,18
-30,-16
-15,-37
31,1
-41,6
1,39
43,6
-43,-2
42,9
-41,1
-10,-34
-37,13
2,38
34,18
-14,-38
10,-18
18,-13
1,-41
39,4
35,18
-40,5
-30,-15
-37,12
25,-12
27,-16
-14,-33
-30,-17
1,-21
-23,21
28,21
-31,-9
3,-41
-15,-27
30,21
8,-18
1,40
7,-18
2,40
0,40
28,22
-40,11
-2,-41
0,33
-44,-1
42,10
-18,-28
-27,-16
-27,-17
-1,37
40,5
-38,13
-42,0
43,9
-16,-37
-17,-37
-2,37
-17,-36
10,37
36,18
-36,14
-1,36
29,1
32,21
-10,17
2,-42
-3,-34
-2,38
-45,-1
11,34
36,17
34,3
33,20
27,-17
10,38
44,9
2,-26
12,-12
7,-19
33,21
2,-34
28,-17
22,-8
-17,21
-3,-41
1,41
-41,11
-15,-26
13,-12
1,-33
-21,22
27,-18
2,-39
13,23
-41,10
3,29
38,5
-27,17
-41,2
-17,-35
1,42
-38,14
2,41
12,24
-44,-2
-30,12
-3,38
-1,-42
24,-20
27,-15
-1,-43
1,43
3,-42
-2,-39
-27,-18
-18,-37
28,23
-21,23
-41,7
27,-14
-10,18
-10,-12
43,10
23,-17
41,10
-2,-43
-2,-44
41,11
-17,-38
1,44
-14,19
-31,-12
-37,-5
-3,37
-15,-38
-17,-39
-4,-41
-41,12
3,-40
-18,-38
35,3
-3,39
-5,-41
-36,15
24,-21
2,42
-28,17
4,-42
9,38
-42,6
3,-37
-10,19
-42,12
-4,-42
44,10
34,20
-42,7
-34,-7
-17,-34
-11,-37
-42,1
-19,-28
-46,-1
25,-21
-46,0
-20,23
37,18
-15,-39
-39,14
10,39
-43,12
41,12
1,45
36,3
-18,-36
-40,-4
-3,-42
44,11
43,5
35,20
-15,-40
-43,6
-6,-41
33,22
11,36
-1,-44
11,33
-19,-38
38,18
-36,-5
39,18
23,-20
-44,12
-18,-34
36,15
-1,40
27,22
-47,-1
29,21
-1,-45
3,42
-47,0
-12,-38
28,-15
42,12
24,-22
-30,13
11,39
-47,1
-20,-38
-28,-18
-19,-37
-3,-44
11,38
-44,13
-15,-41
30,22
44,12
26,22
45,10
-1,32
29,0
10,-19
-47,-2
28,-18
-39,15
3,-43
-12,-39
-37,14
39,19
-28,-9
29,-17
-45,12
-40,14
-18,-39
-3,40
39,20
37,14
-4,-44
44,13
45,11
-6,-42
-2,-45
25,-22
36,16
44,5
-15,-42
-44,11
-6,-43
-19,-36
3,-44
-42,13
39,21
0,45
3,27
-28,-19
-48,-2
1,46
-27,18
-46,12
11,32
12,36
-31,-16
-48,1
44,14
-29,-19
-19,23
2,44
-32,-10
-26,-16
45,5
-3,36
-43,13
30,23
30,24
45,14
45,4
45,13
-47,12
4,-43
31,24
46,11
32,2
3,-36
1,29
31,0
39,22
-40,-5
31,25
-23,22
29,-1
3,-39
-3,35
1,47
-44,14
1,-23
-45,13
40,21
-16,-35
-23,23
-48,-3
12,39
-30,-19
1,48
-23,24
38,21
-12,-40
5,-43
-5,-44
21,-16
-48,-4
-47,11
1,49
-1,45
-49,-2
-20,-39
0,48
33,2
46,4
-48,11
-49,-4
-15,-43
-49,-3
29,-2
2,46
9,-19
47,11
11,-16
9,39
47,4
0,41
13,36
1,50
4,-41
0,-28
-28,18
4,-44
-49,11
-42,-3
-29,-20
39,23
45,3
48,11
-21,-39
46,3
-48,-5
48,4
39,24
34,2
-50,-4
-27,19
-45,14
49,11
-20,-37
1,51
32,22
28,-19
-38,-5
-5,-45
-17,22
-50,-2
-4,-45
-7,-43
-2,45
-2,46
-8,-43
-51,-2
48,3
30,-17
-51,-1
-2,-46
-24,23
-25,23
2,51
0,22
46,14
-43,1
49,12
5,-44
-47,2
-33,-10
12,35
30,-18
-27,20
0,51
-48,12
40,24
-18,-40
-52,-1
46,2
40,22
-47,3
-20,-40
-27,21
-47,4
13,39
50,11
-48,13
24,-23
-28,-20
-17,23
-6,-45
29,-3
-21,-37
5,-45
-32,-12
3,-45
-4,37
46,15
-4,-46
25,-23
3,41
3,51
-23,25
22,-20
-11,19
8,-19
6,-44
16,22
-49,-5
-1,51
-6,-46
-7,-46
-34,-8
49,13
-51,-4
3,52
38,14
4,-40
48,5
50,12
-17,24
-32,-11
-14,-43
-52,-4
-44,15
-3,41
-8,-44
48,13
-16,23
-19,-40
-5,-46
-51,-5
-32,-16
-43,15
0,-44
-3,45
-1,52
4,52
-48,4
5,-46
-16,-42
46,1
-20,-41
5,-47
-3,44
31,-17
-52,-5
24,22
-41,9
40,25
47,1
-2,51
-23,26
51,11
31,-18
-4,40
-18,-27
8,-20
6,-43
31,26
-20,-36
-1,-46
-2,52
-51,0
-21,-38
-53,-5
-2,53
7,-44
-15,-44
11,-19
30,26
3,53
-39,16
-5,-47
-16,-43
24,-24
-1,50
52,11
12,40
-5,40
41,25
44,15
-53,-6
5,-48
23,-24
-7,-47
38,23
4,53
-46,13
-13,-43
46,0
-41,-5
6,-48
-53,-7
-52,-2
-54,-7
-38,16
-45,15
-3,52
4,-48
16,23
6,-47
2,43
-44,16
11,40
-52,-3
5,-49
-32,-17
-4,45
-53,-2
25,-24
-4,-47
47,10
49,3
-35,15
30,-2
-13,-44
45,15
30,-3
-22,-39
-1,22
33,1
46,16
-2,54
52,10
43,4
12,38
30,-19
49,14
-28,19
29,-18
-23,-39
-1,-47
52,9
-16,-44
-47,10
39,25
24,23
0,-46
50,3
-48,14
45,1
7,-48
51,12
41,24
-54,-8
27,-19
-19,-34
-54,-9
25,-25
-18,24
5,53
-37,-6
32,26
-17,-44
10,26
-24,24
-31,-19
28,24
-17,-45
6,-49
-54,-5
-13,-45
50,2
-47,14
-28,-21
-54,-10
-27,-20
47,16
-50,11
26,-24
47,0
48,16
-21,-41
22,-21
-35,16
11,-20
23,-23
-21,-36
4,54
-6,-47
42,24
31,27
-2,50
-53,-9
23,-25
4,55
-55,-10
-47,15
12,41
-49,4
7,-45
47,-1
-23,-40
14,39
-54,-2
-2,49
32,25
15,-1
-4,-48
25,-11
5,55
-4,52
2,53
-53,-1
27,-20
0,26
42,25
28,25
-53,-10
-17,25
-52,0
32,-17
50,13
-39,17
53,11
-55,-8
-2,55
-5,45
-29,-21
40,4
32,27
27,-24
30,27
-44,17
7,-43
54,11
3,46
8,-44
-18,-45
4,56
-5,-40
-41,14
-5,52
-23,27
-30,14
-35,-8
-55,-7
5,56
3,43
-8,-47
24,-25
-22,-36
5,57
-6,40
-56,-8
-1,-48
-12,-45
3,56
40,3
7,-49
-57,-8
-22,-40
-5,51
-40,16
-58,-8
5,52
-19,-45
-23,28
-48,15
8,-49
15,39
12,42
45,16
51,2
50,4
50,14
6,53
-55,-9
53,9
4,46
13,37
-22,-41
53,8
5,-50
51,14
-16,-45
-32,-18
54,12
14,40
-49,14
55,12
5,-41
3,57
-16,-46
-58,-7
-3,55
-4,55
-56,-9
6,-50
-43,16
5,58
11,-21
7,-46
43,24
-5,53
9,-49
-9,-44
55,13
9,-50
27,-25
-55,-11
13,42
32,-16
-55,-12
10,-50
-7,-48
-57,-9
-6,51
-8,-48
4,57
-6,-48
-18,-46
45,17
28,-25
-4,44
-54,-4
-4,56
-58,-9
-7,51
6,57
10,-49
27,-13
-54,-12
-6,-49
50,15
52,2
6,58
54,13
28,26
28,-24
56,13
15,40
-50,12
-8,-49
55,11
-16,-47
-8,-50
-5,56
11,-49
14,24
56,11
-6,-50
47,-2
6,56
-5,57
2,50
16,39
7,58
54,14
27,-12
-13,-46
26,-23
31,28
2,-25
-50,4
12,-49
23,-26
-49,13
25,-26
43,25
44,3
23,-27
50,16
-4,-49
32,-18
-24,25
57,11
-13,-47
30,-20
-53,-12
9,-51
-55,-13
-9,-49
-21,-42
-28,20
48,1
30,-21
-58,-6
-6,56
29,-25
-56,-13
9,-52
-6,57
6,-51
46,-2
-41,15
41,3
31,29
29,-26
7,53
-24,28
-38,17
17,39
43,26
-24,-40
54,9
53,7
-16,-48
43,3
55,14
50,17
12,-50
-7,40
-50,14
-58,-5
-46,-2
-55,-2
-40,17
-59,-8
9,40
3,58
8,-50
-60,-8
24,-27
-38,18
13,43
42,23
5,59
-56,-11
-6,-51
-7,56
48,-2
12,-48
29,-27
50,5
-16,24
53,2
16,24
3,59
51,1
-8,51
-6,-52
22,-27
9,-53
-52,-7
-60,-7
-52,-8
-8,40
-58,-4
-6,58
46,-3
-45,-2
54,15
-8,56
-27,22
-9,56
-55,-14
3,45
8,-52
-7,58
-9,40
-10,56
2,59
5,-40
4,58
-24,-41
-51,12
-51,13
-6,-53
-60,-9
7,57
6,55
-47,16
56,14
48,0
1,59
44,25
56,10
-49,15
-32,-19
-23,29
-16,-49
-52,13
11,31
2,60
-29,-22
51,16
48,-3
14,36
2,61
-10,57
52,1
-35,17
3,61
40,26
10,-53
-13,-48
14,42
-39,18
17,40
-61,-7
51,0
44,26
18,39
6,-52
-56,-14
-9,57
-47,17
-29,18
-37,-7
-1,26
6,59
-61,-6
56,15
30,-25
-22,27
-54,-14
-17,-49
12,-51
11,42
-22,-42
-56,-15
-41,16
3,-48
57,12
-33,-16
55,15
6,60
-48,16
-25,24
57,14
42,26
-23,30
-53,13
50,0
-54,13
52,16
-15,24
-7,52
-33,-17
28,-20
-56,-12
-47,18
-10,58
-40,18
7,-51
44,24
-57,-7
6,61
27,-21
-53,14
-59,-5
-33,-18
-50,5
53,1
40,27
-43,17
19,39
6,-40
6,62
58,14
-23,-38
-25,-40
0,-48
-13,-49
-59,-9
31,30
-60,-5
7,62
-49,16
-47,19
59,14
48,-1
54,1
-57,-15
-61,-8
53,3
-56,-16
-56,-2
-62,-7
18,40
-54,14
18,41
-63,-7
-7,59
-48,17
-55,13
-18,-49
-7,60
-59,-10
50,-1
5,-39
9,-44
13,-48
-50,16
56,16
58,11
46,17
-61,-9
0,-49
-52,14
-56,13
-9,39
5,-38
-10,39
-9,58
-52,12
-24,27
-58,-15
-59,-15
8,53
-55,-1
20,39
31,-25
-7,61
8,52
42,4
-24,29
51,-1
59,13
-50,10
54,0
-54,-15
-56,-17
-29,-23
17,41
-30,-21
-25,28
54,7
-60,-4
34,1
-59,-16
11,43
20,40
45,26
40,28
24,-28
-25,-41
-10,59
53,4
-22,30
7,-52
9,53
2,62
-62,-6
53,0
-7,62
7,-53
33,-17
-13,-50
-27,23
-56,12
16,25
29,-28
-47,20
-55,14
-6,45
-20,-28
59,11
-45,17
-6,61
-5,61
-5,46
12,-47
5,-37
25,-28
-58,-3
9,-45
59,10
51,17
-11,57
-7,41
-60,-16
-15,23
-62,-9
30,-27
60,10
8,62
-57,13
13,-49
-37,17
-20,-29
-18,-47
-5,-51
-25,29
-51,4
-60,-15
-29,-24
61,10
-10,60
-59,-3
-58,13
-63,-6
20,41
-56,-18
60,14
-7,63
39,27
3,62
23,-28
52,-1
-25,30
-64,-6
5,-52
-8,61
54,2
54,-1
55,0
18,42
32,28
-34,-18
-55,0
-16,-50
-52,15
-11,59
8,63
45,27
59,15
44,27
-38,-7
8,64
32,-25
-25,-42
33,-18
23,22
60,9
-41,18
-5,41
-8,63
-60,-10
-64,-7
-25,-43
34,-17
60,13
10,-54
-61,-15
-62,-8
-4,61
9,64
-13,-51
7,56
-5,62
3,-47
6,-53
46,27
-26,-42
-62,-5
15,42
11,-53
-58,14
22,-28
-29,-25
-33,-19
61,14
-24,-39
-34,-17
8,54
-33,-12
60,8
-52,16
-11,60
-24,-38
-4,-51
-56,0
9,63
-7,-53
-26,-41
-17,-50
1,-49
31,-19
52,17
47,27
31,-24
-6,41
-58,12
9,-54
6,-37
-52,1
-31,-21
31,-21
12,-52
-56,14
-7,-51
14,-48
7,64
44,28
-18,25
56,0
-27,-42
61,15
-23,-37
-8,64
31,-20
-29,19
1,-50
-11,61
62,14
14,-49
61,8
-55,12
-28,-42
-8,39
13,-47
54,3
33,-25
47,28
34,-18
24,-29
-55,-18
-56,15
-3,-51
4,51
52,3
-29,-42
-8,65
8,65
-17,-51
-28,-43
15,-48
-5,-52
-26,30
-30,-42
9,54
10,-55
-41,19
54,16
-7,-52
34,-16
28,-14
-61,-16
-54,-18
-31,-42
25,-29
21,39
-13,-52
-52,17
-53,17
10,64
21,40
-9,65
33,0
12,-53
-11,62
-55,-19
-9,66
48,27
-7,-54
14,-50
-48,19
13,-46
-13,-53
-6,-54
47,26
9,-55
-50,3
38,27
45,28
14,-51
-58,11
11,64
11,-55
-55,-20
-58,-16
61,16
-17,26
-59,14
57,16
62,8
-19,-49
46,-1
-27,30
-28,22
-46,20
-11,63
11,-22
-6,63
-57,-3
-5,-54
-34,-12
-27,-43
-10,66
30,29
62,16
-65,-6
-7,65
-53,15
-10,67
-59,15
-57,11
-56,16
-63,-9
8,58
-52,18
-12,61
61,9
-10,68
-61,-14
55,-1
53,17
-59,16
29,-29
-31,-43
55,1
24,-10
-52,-9
7,60
-20,-49
-57,10
-27,-41
-46,19
63,14
-21,-49
-56,-19
-30,-23
10,63
-19,-50
63,15
-63,-5
-12,-53
61,7
35,-18
55,16
61,6
-16,-51
-55,-21
63,16
-9,68
-60,15
-4,-54
46,18
30,-29
48,28
45,29
63,17
12,-55
57,17
8,-54
-29,-41
31,-26
28,-29
10,65
31,-29
40,29
-11,67
-3,61
64,17
-35,-17
62,7
13,-53
-6,-55
16,-48
-6,65
-6,-56
-66,-6
-54,-21
-11,66
-61,15
-5,65
62,17
-31,-44
11,-56
63,18
62,18
-55,16
-58,10
-28,-44
13,-55
35,-17
-61,-13
-13,61
8,66
-13,60
63,19
-32,-44
-5,66
-32,-43
-61,-17
11,-57
-9,69
-33,-44
65,17
-66,-7
-53,1
-13,-54
-5,67
-60,-17
4,62
-55,-22
55,-2
-56,-21
-11,65
-67,-7
32,-26
35,-16
-58,16
-47,21
56,-1
-6,-57
-27,31
56,-2
-62,-17
-27,32
-45,20
32,-29
-58,17
11,65
44,29
6,63
-4,-55
31,-2
-49,19
-34,16
-67,-8
-48,21
27,-11
-18,-51
-8,50
11,-58
-56,17
-61,16
-67,-9
-58,18
49,27
49,28
62,19
33,-29
-14,61
-21,-48
-7,-57
34,-19
-8,-52
49,29
-36,17
-51,18
-48,22
-33,-20
33,-19
10,-58
-2,-51
-23,31
-57,-19
38,28
-28,31
-56,-22
-12,67
-10,55
-11,68
-62,15
-27,33
-11,58
46,29
57,-2
-68,-8
64,19
44,30
65,18
-56,-20
60,12
-8,49
-60,-18
66,18
-59,13
27,-29
-60,-19
-67,-10
-46,21
62,6
-14,60
34,-15
-4,-56
54,-2
35,-15
0,-50
10,-56
10,-59
62,20
9,65
-53,-21
-8,68
16,-49
-62,16
61,20
-26,33
52,-2
-29,-44
11,66
10,-60
-59,12
10,-61
-10,69
-63,-17
4,63
-12,57
-6,67
-19,-51
57,-1
-69,-8
-69,-7
-20,-50
11,-61
-14,-53
-56,-23
-33,-15
12,66
-11,69
15,-50
-70,-7
-56,-24
-13,-55
-8,-57
-62,-15
-57,-23
-22,-49
-58,19
17,-48
9,-58
-57,-21
-68,-9
12,-61
33,-20
9,62
-63,16
62,5
-64,-17
-34,-44
-7,-56
44,31
-12,69
-5,-57
-64,16
61,5
4,64
64,20
-4,62
-67,-11
-15,61
14,-55
64,21
-4,66
-27,24
-4,67
12,67
21,41
9,-61
15,-51
-62,14
-9,70
-69,-6
-34,-43
-71,-7
13,-61
-53,18
-2,61
-12,68
-72,-7
36,-17
-11,70
-29,20
49,30
11,67
24,-30
-12,66
-57,-24
-35,-44
8,-61
8,57
61,21
8,56
57,-3
20,42
-29,-26
-73,-7
64,16
22,40
-73,-6
-30,-25
43,31
-29,-27
60,20
-54,1
-26,34
-28,21
61,22
11,68
-27,29
-13,59
-64,17
12,68
-68,-6
22,39
-51,-8
49,31
13,-62
-35,-45
-12,70
-30,-44
13,-63
32,-30
-45,21
11,69
49,32
13,-54
-13,69
10,-44
-73,-5
32,-31
-41,20
16,-50
-61,14
-69,-5
-63,-4
11,63
-8,70
-43,18
40,30
-28,-45
-65,16
47,-3
-13,-56
-66,-11
-65,-17
11,62
-15,60
45,-2
65,20
8,-58
-48,23
-14,62
-57,-22
23,-30
63,5
23,-31
-65,-18
10,67
-70,-8
-57,-20
-60,16
64,14
-55,-24
35,-14
12,-56
-12,-56
-35,-46
8,-57
-56,-25
-10,70
-14,-54
-65,-5
-15,62
7,-61
15,43
12,-63
34,-29
-69,-4
-5,-58
-68,-11
-72,-6
66,19
12,-58
-65,-19
-55,-25
-7,49
48,29
12,69
-40,20
-65,17
-5,-59
-4,-57
10,69
-11,71
34,-28
-69,-9
-4,65
12,-60
-5,37
-34,-42
65,14
-64,-19
53,18
-74,-5
61,23
-28,32
-11,72
64,5
22,41
7,55
-35,-47
14,-61
-13,-57
-28,-27
-66,17
-57,-25
60,16
-14,63
-30,-26
-8,69
-3,-55
-32,-45
-3,-54
13,66
-68,-12
-15,63
64,4
7,65
65,5
-47,22
12,-64
7,-62
14,-60
12,64
46,-4
35,-29
-66,-19
64,22
-64,15
-16,61
65,21
37,-17
-12,-54
-48,24
-3,66
-57,-26
11,-63
-34,-41
12,-57
33,-31
-66,18
-67,18
14,-63
-55,-26
57,18
4,65
13,65
-58,-26
-57,-27
-11,73
66,5
22,-31
66,4
11,-64
-60,12
30,30
67,5
34,-31
67,4
13,44
-10,72
13,68
-74,-7
33,-32
25,-30
65,22
-70,-9
34,0
-69,-3
-55,-27
34,-32
-10,73
13,69
-27,34
21,42
7,-63
12,70
-12,65
-20,-51
10,-64
-72,-5
31,31
-35,-48
30,-30
-65,-20
17,-47
17,-50
62,23
-67,17
67,18
-33,-21
-13,68
-24,-43
63,13
-36,-44
-10,74
-27,35
-7,-58
7,-64
36,-29
-21,-51
-68,18
-55,-28
17,-46
-4,-59
-74,-8
-63,-15
-34,-47
-59,-2
62,24
-33,-47
64,23
-9,72
-36,-47
56,-3
-68,19
-21,27
18,-48
-8,72
-51,19
36,-30
68,18
64,6
35,-30
-35,-42
35,-32
-59,19
15,-63
-46,22
-12,73
-36,-48
21,-31
1,-46
68,4
68,17
-75,-5
55,2
-55,-29
69,17
-18,-52
65,15
9,55
-12,72
69,18
59,20
-28,35
-68,20
35,-33
49,33
-16,62
-36,-49
-3,65
-69,-11
50,30
-68,17
14,25
10,-65
15,-60
11,44
66,20
-49,21
34,-33
-69,-12
70,17
12,-65
14,65
15,65
68,3
64,13
-69,-13
-62,17
69,19
68,2
-27,36
71,17
-69,18
50,29
65,23
68,16
-13,70
65,24
12,-66
-10,75
14,68
32,-32
-10,76
-69,19
-70,-12
63,23
70,19
63,8
-35,-49
-73,-8
63,4
-75,-4
70,16
-52,19
13,-66
15,64
-13,-58
-2,-55
-35,-43
51,30
-14,-56
21,43
52,30
-13,-59
29,29
-69,20
35,-34
-12,74
70,15
-68,21
-67,-19
15,68
61,4
36,-31
36,-32
16,68
-54,-29
-2,-54
21,44
16,-60
-10,38
15,-52
65,25
-16,63
70,18
13,70
55,-3
9,69
10,-66
-76,-5
13,-57
28,29
-69,21
14,70
69,4
-37,-48
-2,-56
9,-64
66,6
58,-2
17,-60
18,-50
46,-5
15,66
-11,75
35,-35
-49,23
16,43
-67,21
-70,19
-18,-53
-16,60
40,31
-63,14
72,17
-13,72
57,19
58,-3
-9,76
66,24
-70,18
-75,-8
71,16
14,71
70,4
55,-4
-2,66
17,-59
72,16
-15,64
57,20
-13,67
64,3
12,71
70,3
26,-29
67,24
36,-28
-69,-2
5,64
18,-60
12,72
17,68
-8,76
-66,-20
-70,-10
12,73
-63,13
-64,14
66,7
-64,-18
-65,18
6,-64
-22,-50
71,18
-67,-18
52,-3
-12,-58
-2,67
37,-28
18,-51
-69,17
59,-3
9,-66
-70,-11
-75,-6
-13,74
-14,72
-68,-18
37,-30
-7,76
-58,-27
-66,-21
-66,-22
-69,-18
-71,18
-70,21
52,-4
-28,36
46,-6
68,5
-7,77
-8,77
60,-3
18,-61
61,-3
-9,77
-76,-6
66,25
13,72
15,-64
-69,-19
66,26
15,-65
73,17
-76,-7
-36,-46
67,25
-29,31
-71,-5
-65,14
-54,-25
13,-67
49,34
21,38
-64,13
60,-4
5,-64
-68,22
-11,76
-3,-59
-74,-9
23,39
-75,-3
69,5
-27,37
-66,16
18,-47
73,16
47,-6
-59,20
-12,75
-13,75
-73,-9
-70,20
-6,-58
13,-68
4,66
20,44
10,70
-57,9
16,67
-77,-7
35,-36
-77,-5
19,-47
35,-37
15,69
-48,25
19,-60
13,-69
-49,22
-37,-49
70,14
-71,19
19,-61
-34,-48
-14,-59
9,-43
-71,17
71,19
68,25
34,-36
-66,-17
36,-27
69,25
53,30
70,13
44,32
-68,16
20,-61
-53,-29
-49,25
-17,61
-10,77
-68,-19
16,69
-45,22
64,2
-36,-50
-15,72
-70,17
68,24
-57,17
70,20
-46,23
-3,-60
36,-18
-66,-23
66,27
37,-31
18,68
-69,22
-72,19
-68,23
52,-5
72,15
-72,18
69,16
18,-62
39,30
-53,-30
-67,-22
-77,-4
38,-17
3,66
53,31
-52,-30
-13,-60
71,3
70,5
-6,76
-10,78
-12,76
-12,-59
-37,-47
-31,-41
-14,-57
68,1
-68,24
37,-32
14,-68
-71,-10
61,24
69,26
-38,-49
-78,-7
-51,-30
-15,71
9,70
-14,-52
19,68
39,31
-73,19
70,12
-11,78
7,59
12,-68
12,-69
68,0
14,-64
-68,-20
71,20
-14,-58
71,12
62,25
38,-32
-68,-3
9,-67
-76,-4
19,69
-71,20
-38,-48
-56,-28
21,-61
71,2
68,26
72,19
-12,78
17,-51
-2,-60
62,-3
-10,79
-7,70
-14,-60
38,-31
53,32
-71,16
67,27
-73,18
69,27
19,-50
-57,-28
20,68
-69,-17
20,69
-36,-51
65,27
-15,-59
64,27
-22,-51
19,70
52,-6
-69,23
-77,-3
15,71
49,35
38,-33
-77,-8
-9,79
15,-68
73,18
15,-66
36,-36
66,3
-16,71
38,-28
-15,59
-34,-49
-11,77
-71,-11
38,-30
-73,20
-66,-24
-70,23
-57,19
-14,-61
-59,21
21,-60
-35,-50
-37,-46
-74,20
-35,-51
-58,9
13,73
52,32
-79,-7
66,28
71,5
17,67
70,26
69,28
-15,-61
-76,-8
73,15
-74,-10
12,74
-6,77
-80,-7
68,28
-13,78
72,2
-74,21
39,32
73,2
-35,-52
-67,24
-29,36
59,-4
-8,78
-37,-44
61,25
12,75
49,26
-17,63
34,-37
-13,76
-75,21
51,-6
-69,24
66,29
-69,-20
54,30
73,1
74,1
15,-67
-38,-50
-79,-6
-39,-48
3,50
35,-38
-56,-29
35,-39
72,12
-80,-6
16,64
-59,-27
64,28
20,-62
23,41
18,69
-32,-46
37,-27
-50,-30
4,67
-70,24
39,-32
71,4
-70,-20
-7,78
74,17
39,-33
-24,-44
55,30
-35,-53
-70,-3
-62,18
-14,-62
-81,-7
38,-29
-68,-22
18,67
22,-61
55,-5
-16,72
-34,-52
61,13
-13,79
20,70
49,36
75,17
5,-63
73,3
-77,-2
-37,-51
-3,-61
-76,21
-33,-52
-15,-58
-55,-23
11,75
16,70
54,31
74,2
38,-16
-73,17
12,-70
-9,80
-2,-61
-25,33
76,17
75,1
45,-4
12,-71
74,18
-17,71
-37,-45
74,0
-15,-60
10,75
-54,-30
-14,78
11,76
-36,-52
-52,2
-9,51
21,-62
-75,20
-76,22
21,69
76,18
13,-56
-14,59
76,1
-68,-23
8,-66
-14,79
-9,81
64,29
18,-63
-79,-5
-12,56
-50,22
71,6
21,70
36,-35
-14,80
-23,-51
21,71
21,-32
48,-6
21,-63
-17,60
72,20
-6,78
75,0
-70,25
64,30
-35,-41
19,71
-65,-23
22,69
11,-18
-14,73
-69,-23
18,-64
-27,38
20,-63
-75,19
-75,18
-71,25
-23,-49
20,67
71,21
-82,-7
-71,-12
7,-66
69,29
19,-63
-17,70
73,0
-70,-18
-77,21
60,25
77,17
69,30
-74,-3
-51,-31
77,16
-75,-9
-39,-50
-10,80
50,36
-18,60
40,-32
-71,26
-83,-7
21,-64
-66,21
77,1
48,34
-67,-24
-83,-6
-35,18
-14,75
36,-39
-83,-5
12,76
-37,-52
39,-30
-70,-2
77,0
-59,22
55,31
-18,63
54,32
-5,78
78,0
-14,-63
16,-67
-16,64
-75,22
19,72
-3,-62
6,-66
69,0
77,2
-66,-25
19,73
-8,79
69,31
-48,26
14,72
-15,78
34,-1
35,-40
71,26
-37,-53
-30,20
-27,39
22,-60
-70,-23
-54,-31
13,45
-15,-57
22,-63
-72,-12
39,-17
-30,31
-84,-6
-65,-25
-49,-30
-4,-62
40,32
-5,-62
-5,-63
-77,-1
-6,70
78,2
21,-59
-15,80
40,-33
-11,79
21,-65
-84,-7
-54,-32
-58,-20
12,-72
-16,78
23,69
36,-40
17,-63
-16,77
20,45
58,-4
41,-33
64,31
-68,25
4,-64
41,32
-8,80
4,-65
-75,17
76,16
19,-64
23,40
-49,24
5,-66
-67,23
22,-65
67,0
-17,77
-84,-8
-71,23
-15,81
6,-67
41,-32
12,-73
-70,-17
-15,-63
-85,-7
23,-61
-17,59
70,27
-71,27
-78,21
63,30
24,69
42,-32
22,-64
77,18
-5,79
37,-40
71,27
50,37
62,30
-60,20
40,-34
75,-1
-18,61
78,16
40,-17
70,29
-55,-32
71,25
-10,81
-40,-50
-16,-63
14,-69
-37,-43
-76,23
37,-16
65,31
-85,-6
23,-62
73,19
-78,-1
79,0
-38,-43
16,-68
-17,58
-48,27
48,35
40,-35
-13,57
68,31
-32,-47
36,-41
52,33
-37,-54
9,75
-71,-23
-14,-64
-67,25
-12,-60
65,28
71,1
-78,20
-74,-11
35,-41
24,70
-71,-20
69,-1
70,6
10,76
74,3
80,0
-18,64
-83,-4
-38,-44
-74,18
36,-42
48,-7
13,74
36,-43
-8,81
80,1
24,71
23,68
49,-7
-18,71
21,67
16,44
78,18
-60,-27
-7,69
-71,28
23,-65
-13,80
-2,68
49,-8
-38,-53
-32,-52
11,-72
-86,-6
51,36
49,-9
71,29
81,1
-75,23
-30,30
-74,17
13,-72
-86,-5
-34,-53
-14,74
-8,82
-78,22
-17,78
24,-65
-16,81
13,75
14,74
43,-32
-20,-52
71,28
4,-66
-4,79
14,75
-78,23
-12,79
52,36
-6,-63
-86,-4
64,32
25,-65
3,-66
14,-70
22,-59
5,-67
-24,-49
-87,-4
43,-33
50,38
24,-66
-19,60
-34,-54
20,71
-51,22
-19,71
10,77
-13,-63
76,-1
72,6
78,3
52,34
25,71
-70,28
-16,82
38,-40
82,1
-10,82
71,30
78,15
-66,-26
3,-64
-87,-6
44,-33
37,-42
-19,63
-14,-65
70,31
37,-43
-86,-3
-18,77
25,-66
-15,-64
51,37
-14,-66
-69,25
73,20
78,-1
-88,-6
45,-33
-45,23
44,33
69,24
25,-67
-31,31
11,-73
72,25
-88,-7
40,33
-33,-41
58,-5
-72,28
72,29
13,-73
-71,-19
-44,23
-17,-63
-84,-5
-79,-8
-79,-1
8,75
69,32
-47,26
41,-34
-33,-53
-16,73
-14,-67
71,31
79,15
-16,83
72,27
26,-67
10,-72
-84,-9
35,-43
38,-42
-87,-7
44,-34
-17,83
-83,-3
-71,-18
-87,-3
26,71
-89,-7
9,-72
-31,32
-17,-64
83,1
74,20
24,72
-74,16
-18,78
-26,36
13,-74
62,-2
-61,-27
-39,-49
-45,24
62,31
78,-2
-15,-67
62,32
-16,-60
72,28
-4,80
26,70
8,-72
-44,24
-38,-52
-79,22
22,43
-84,-4
72,30
25,-68
-17,84
17,64
76,15
-4,78
-23,-52
74,21
11,77
-50,-31
45,-34
-84,-3
24,-61
-61,-26
48,-9
77,3
26,-68
63,32
-71,-3
13,-75
-3,79
-20,71
52,-7
-14,-68
27,-68
-2,-62
19,-65
-71,-24
-37,-55
26,72
53,-7
-60,22
24,73
-2,79
79,16
-75,-11
-8,83
82,0
-82,-8
-72,-20
-17,-60
-73,-20
60,-5
-5,77
75,20
27,-67
44,-35
14,-75
-70,29
-26,37
78,17
-25,34
24,68
27,71
-17,85
-34,-51
61,-4
10,78
79,18
83,2
-69,29
53,-6
67,31
-18,84
65,32
25,-61
-58,22
-16,84
-43,23
-19,61
82,-1
-13,56
25,-69
-75,-10
78,14
45,-35
-76,24
84,1
-16,79
-15,-65
-85,-9
-66,-27
80,15
13,-76
28,-67
-69,28
79,14
-17,82
-14,81
84,0
81,15
61,31
39,-40
-17,81
-66,25
84,-1
-4,81
79,-2
-15,-66
4,-67
10,79
-19,59
9,79
73,29
-6,-62
24,74
50,-8
-40,-51
24,75
40,-40
-7,81
73,30
-17,86
-71,29
15,75
25,73
73,31
-18,82
-77,24
-17,-65
37,-44
74,29
-40,-48
-77,-9
-33,-22
-18,-65
21,45
85,0
-40,-49
-14,76
-7,-63
45,-32
-41,-51
24,-69
-76,-11
-15,82
28,-68
25,-70
72,31
-18,85
25,-60
-53,-32
68,32
12,-75
69,33
41,-17
-20,61
-73,-21
41,-40
74,30
11,-75
39,-41
-39,-43
-86,-2
23,73
-38,-55
26,69
-40,-43
-32,-53
86,0
-18,86
75,-2
52,35
-17,-66
-15,-68
-6,81
23,74
42,-40
-71,30
69,-2
-25,-49
-72,30
14,-76
-20,70
-50,25
-77,-11
14,-77
-21,70
85,-1
-84,-2
29,-68
-17,76
-68,26
-67,26
-20,63
15,76
-68,29
50,39
-69,30
19,74
48,36
-80,22
48,37
-19,86
-9,82
-73,30
85,-2
60,31
-81,22
-16,86
-19,87
-20,86
-76,17
78,13
-33,-54
73,27
80,16
-41,-48
-52,22
87,0
-83,-8
-20,85
70,33
-73,-22
-77,25
-38,-56
-87,-2
9,76
-90,-7
74,27
21,46
-18,-66
73,25
-66,24
-61,22
-41,-43
36,-44
-18,-54
74,26
-69,31
9,66
-7,45
80,18
18,74
49,38
9,-73
77,13
-83,-9
-86,-1
-80,23
64,33
-53,-33
14,-78
74,-2
-88,-3
5,-68
-55,-33
72,21
-28,39
79,3
12,77
25,74
-76,20
38,-43
24,-70
26,73
12,-76
-33,-48
-19,-65
-76,25
30,-68
-7,83
-67,16
15,-77
8,79
82,15
-22,70
38,-44
-13,-65
52,37
-82,22
31,-68
-60,-28
26,74
-21,61
73,21
9,-74
-7,-64
-88,-2
-83,22
39,-44
-74,-20
25,75
58,-6
-72,-24
-17,80
15,77
27,70
27,69
86,-1
31,-69
-51,-32
76,-2
-39,-56
81,16
25,68
87,1
-20,87
82,16
72,32
66,32
16,76
-47,27
-19,-66
21,72
13,-78
-29,35
31,-70
-47,25
53,19
69,34
-83,23
32,-70
-80,24
-81,24
-87,-1
14,-79
28,70
-16,-67
-73,31
-73,-23
74,28
51,39
-13,-67
-84,23
33,-70
83,16
50,40
86,-2
-83,-2
7,79
-10,83
62,33
-20,62
-85,23
75,27
12,63
-1,79
53,35
-5,81
18,66
-80,21
-74,-21
46,-34
26,-66
26,-61
27,-61
9,74
81,17
36,-45
-48,28
13,-79
-17,87
-18,87
43,-40
49,40
52,39
-18,-67
17,63
-72,-18
-37,-56
-72,31
-76,-1
-33,-55
-81,21
13,-77
-14,-69
-66,-28
-88,-1
68,33
-3,80
84,16
-75,-21
-68,30
39,-29
-7,82
-29,37
40,-44
-86,23
-86,24
86,-3
74,31
-19,58
-79,24
52,40
-11,81
34,-70
-36,-54
88,1
-18,58
-73,32
87,-1
12,-77
40,-45
-7,-62
34,-43
25,-71
75,30
48,40
-24,-52
-66,26
-17,88
37,-26
-74,32
13,77
-55,-34
3,-67
25,-72
14,-74
-79,-9
-40,-56
-74,-23
54,35
-55,-35
15,78
-14,82
25,67
-17,57
-89,-1
-21,87
50,41
28,71
74,-3
15,-79
24,76
72,33
-83,-1
-20,58
-13,-68
10,80
-16,88
34,-71
-14,-70
-42,-43
-86,-9
-65,-27
79,13
-53,-34
-30,36
55,32
11,78
53,39
-13,-70
-90,-6
76,30
27,72
-85,24
-76,0
-20,88
-69,32
-34,-55
-82,21
-39,-55
-86,22
37,-45
86,-4
50,-9
62,-4
29,70
35,-70
29,-67
-74,31
-87,22
80,19
83,15
-15,86
84,17
46,-33
-88,22
-90,-5
72,34
-21,62
-23,70
29,71
-86,-8
39,-28
72,35
-31,36
-80,25
-91,-6
-42,-48
-39,-57
-75,31
72,36
-15,-70
-75,30
-22,87
40,-28
87,-4
25,-73
-83,0
17,44
54,-6
-79,0
16,77
-16,-70
-87,-9
-80,26
10,-73
75,28
-84,24
-13,-71
10,-75
85,-4
-56,-33
-5,-64
-12,-71
-76,31
-46,27
16,-79
-43,-43
31,-67
46,-32
-3,81
8,80
17,77
89,1
-88,-8
26,-60
43,-41
-42,-51
-72,-13
-20,89
-20,59
-86,21
75,29
90,1
-80,27
-12,-72
-75,-22
8,81
72,11
-26,39
26,-72
12,-79
10,53
51,41
25,66
-72,-25
36,-70
29,69
13,-80
64,34
76,29
16,-78
8,82
-81,27
-73,33
-18,76
88,-1
49,41
43,-39
-19,76
8,-73
25,-74
-50,-32
-74,15
-73,34
-38,-57
-22,88
7,75
27,-72
53,-8
85,17
8,-74
-19,89
12,-80
88,2
-75,32
84,15
26,-74
30,69
-65,-28
8,-75
91,1
-27,-44
-21,86
33,-71
60,-6
-58,23
-43,-48
-87,23
85,18
-78,-2
27,-74
9,82
-84,-1
-87,24
-28,40
-19,90
53,36
14,-80
9,-75
27,74
-66,-29
26,-75
-86,20
-88,23
86,18
-22,71
48,39
-50,26
88,-4
76,20
-23,87
31,69
17,78
21,73
46,-35
-84,-10
-24,70
-65,26
36,-71
89,-4
-66,27
-86,25
8,83
44,-40
91,0
-84,-11
-14,-71
62,34
-90,-4
34,-72
-88,21
76,-3
-23,88
9,83
89,-5
-85,25
78,19
-90,-1
29,72
88,-5
-88,24
-15,88
-20,90
-89,-8
-89,24
32,-67
30,68
-18,-68
76,31
92,1
40,34
-57,-29
6,79
62,-5
33,-72
64,35
27,68
-36,-55
17,79
-13,-72
-17,69
36,-72
31,70
91,-1
9,84
-38,-58
-86,26
18,78
41,-44
93,1
-67,29
31,68
88,-6
-9,49
-40,-57
-23,89
-90,24
38,-45
-13,-73
7,-73
-89,23
55,35
41,-45
-87,26
89,-6
-57,-33
-73,35
-24,89
86,17
8,84
80,13
25,76
27,-75
74,22
27,75
-56,-35
42,-17
9,85
78,-3
-90,0
-83,1
77,30
45,-31
26,75
-75,-23
-91,24
28,-74
26,-76
65,34
-91,-4
77,31
-50,27
74,32
87,2
56,35
-1,-60
-18,90
-91,-7
18,79
-72,33
-16,57
-31,37
85,15
-23,90
33,-67
75,26
28,75
93,2
-92,-6
79,-1
-14,-73
15,-80
-50,28
-73,36
-92,24
36,-69
42,-45
-40,-58
-91,25
-15,-54
-75,-24
-84,1
8,85
-15,85
17,-79
-59,-20
18,-79
84,18
35,-69
10,84
-91,-1
13,-81
-16,89
-76,-21
-15,89
-15,84
37,-72
39,-18
42,-46
-19,-67
-67,30
-14,-74
67,-1
-21,85
75,32
92,-1
-88,25
-24,87
-17,90
83,17
-7,-65
38,-72
73,36
90,-6
-91,0
93,-1
-77,-21
13,-82
-23,91
-19,77
42,-44
-23,71
-50,-33
-25,89
70,0
46,-31
-92,25
-50,-34
15,79
36,-73
18,80
-72,35
-74,35
-3,82
25,-76
74,-4
-17,91
-23,92
76,32
-14,-75
-64,26
25,77
-56,-32
26,-77
76,28
-90,25
-17,92
-77,-20
47,-32
12,-78
93,3
92,0
-18,80
90,-7
-50,-35
-93,-6
-26,89
10,82
32,70
85,16
29,75
80,20
94,-1
16,-80
84,19
-39,-58
-92,-1
28,-75
32,69
-92,26
-27,89
54,39
53,40
72,37
-22,92
16,-81
-18,91
47,-33
72,38
-73,37
54,38
-58,-29
27,-60
30,70
37,-73
-72,36
38,-73
44,-39
-4,82
-19,-68
83,19
32,-72
-93,-5
-42,-49
55,38
17,-81
94,-2
-92,-7
94,0
-92,-2
18,81
-43,-49
26,-78
-18,75
26,76
6,-73
-92,-8
-86,27
-57,-35
16,-82
-84,-12
74,36
-57,-32
-24,91
-86,19
85,-5
-16,91
-92,27
-15,91
-11,-71
-72,37
53,41
-15,-75
-5,-65
-75,35
-78,-20
-24,92
18,-80
-86,18
-41,-56
34,-67
18,82
25,78
-92,0
11,-80
27,-78
-43,-50
-75,-25
8,-76
9,86
27,76
51,42
84,-5
93,-2
75,36
84,-4
-23,69
-94,-5
78,30
-58,-32
-36,-43
-74,37
93,4
13,-83
-66,30
-86,28
-93,-7
-93,-1
47,-35
-94,-4
43,-45
-90,1
-40,-55
-39,-59
-17,93
33,-73
-18,93
40,-46
30,71
-71,37
-93,26
25,79
39,-73
-46,28
95,-1
-39,-60
-94,26
-95,-4
84,-6
82,19
-4,-64
-57,-36
65,35
-73,38
-75,37
-85,1
-36,-56
33,69
22,74
-14,91
-76,37
90,-8
-78,-21
-41,-58
18,83
90,-9
51,43
-22,93
-13,91
28,-78
33,70
-30,35
-93,-2
86,19
-93,27
-22,85
25,-78
-26,90
84,20
93,-3
54,41
-27,88
33,-74
-43,-42
91,-6
-94,-7
38,-71
-94,25
20,46
-67,-27
79,30
-25,70
27,-73
26,77
-94,-2
-28,88
33,68
33,-75
-87,18
94,-3
96,-1
18,84
-94,24
-89,22
17,76
94,4
27,-76
87,17
-43,-51
-95,-3
-94,-6
-86,29
-24,93
79,31
10,85
-25,69
48,-35
5,79
-93,0
40,-73
65,36
-15,-76
-11,82
92,-6
12,-81
34,70
89,-9
58,-7
-23,68
-3,83
63,-4
91,-8
-95,-5
48,38
-84,-13
67,1
-94,-8
19,84
-14,56
43,-46
88,-9
90,-10
-25,91
-27,90
71,38
-13,90
31,71
-59,-32
71,39
5,-73
83,20
-27,91
-21,60
83,-6
41,-73
-73,39
32,-66
33,-66
-95,-8
-20,-67
18,-81
25,-79
-96,-5
-96,-3
42,-47
7,82
-94,0
31,67
33,-76
80,30
39,-71
32,-76
91,-9
17,-82
49,42
-22,94
80,31
-2,83
-73,40
-79,-21
73,38
19,85
-51,25
87,19
74,38
27,77
-24,71
-13,-75
-16,-76
-87,-10
-41,-44
-38,-60
14,-83
35,70
-24,-53
-93,1
-12,-75
47,-36
93,-4
75,33
-20,-68
-31,38
-85,-12
8,86
26,-79
-96,-2
11,85
88,19
94,-4
6,82
11,-81
-50,29
13,-84
95,-4
-26,91
-44,-48
-13,92
-91,23
70,38
95,0
-96,-1
78,-4
80,3
78,4
-8,84
-91,-8
-17,-76
-74,38
88,-10
42,-73
-21,-68
44,-46
19,-79
-89,25
-23,67
-68,-27
-27,87
94,1
38,-70
-92,23
-97,-5
43,-47
-10,-71
-7,84
-76,-24
33,71
-21,94
-44,-49
-92,22
-13,-76
53,-9
-70,37
51,44
86,16
-16,-77
-96,0
-40,-60
-41,-55
20,66
-7,85
19,-80
-87,29
-94,27
42,-48
-45,-49
-77,31
-40,-61
17,45
25,-80
75,37
97,-1
76,37
-69,37
-79,26
24,-80
26,-80
96,-4
36,70
93,5
-13,93
-12,93
89,-10
-2,80
41,-41
-26,70
96,0
74,39
-72,-26
33,-65
76,36
25,-81
-13,89
78,29
39,-46
35,71
40,-74
-19,82
74,-5
16,-83
-22,62
19,86
-26,92
29,76
95,4
-28,89
91,-10
45,-46
45,-45
14,-84
29,-74
-82,-9
92,5
95,-2
-75,-26
94,2
92,-7
-41,-59
96,-5
43,-48
-19,57
74,40
88,-11
-20,94
-16,-78
-8,85
-21,95
-75,-20
-18,-76
2,-67
26,79
95,-5
20,85
9,87
20,84
46,-46
89,-11
21,85
-13,-77
20,86
-88,26
-19,-69
65,37
94,5
27,-79
-13,-78
-28,91
93,6
37,70
-16,56
-12,-77
25,-82
-64,27
9,88
-20,57
15,80
-40,-54
-26,93
-24,94
41,-72
78,31
-74,40
-19,56
64,-4
-19,-53
-41,-57
-22,-68
-19,94
-41,-61
98,-1
84,-7
-31,39
96,-2
-73,41
20,-80
-77,32
-86,-12
80,32
-41,-62
10,88
93,7
86,20
76,27
86,15
-76,30
-73,42
-97,-1
6,81
-13,-79
15,-83
-2,84
-91,22
77,37
-87,20
-81,26
-95,24
-74,42
77,38
-76,-26
93,-7
-92,28
-77,33
-17,-77
30,76
79,20
-20,95
-31,40
-29,89
99,-1
-74,43
43,-73
-11,93
34,-76
92,-9
41,-18
-91,-9
-43,22
39,-74
-96,24
-92,29
14,-85
-87,30
-30,89
84,-8
-38,-61
26,-82
-23,-68
96,-6
-42,-61
-87,31
46,-45
28,77
-97,-6
-95,27
-93,2
17,-83
-20,96
92,6
34,-77
-98,-1
-98,-5
-57,-30
55,39
-40,-62
-72,-27
34,71
-99,-5
-87,19
95,5
5,-74
41,-74
-67,-29
-95,-9
-19,96
47,-34
-95,-6
-95,28
27,79
-92,21
-24,-68
-97,0
-76,-23
33,-77
8,-77
87,-10
26,-83
-8,-63
-37,-58
9,-76
79,29
-77,-24
-94,23
38,70
80,29
-12,94
77,39
-98,0
-58,-36
49,-35
-14,93
88,-12
-86,-11
24,-81
-78,31
34,-66
42,-74
-93,28
41,-42
-74,44
8,87
-94,22
-73,-27
-10,93
20,87
88,17
-79,1
-19,97
86,-10
-4,-65
76,35
-27,92
-13,-74
78,38
97,-5
-19,98
77,40
-20,-69
89,-12
-15,-73
-18,-77
-67,-25
-98,1
-42,-55
81,30
-95,-7
-87,17
49,43
-97,-7
58,-8
38,-69
90,-12
91,-11
94,7
40,-75
-79,-22
77,35
99,0
-11,-75
-96,27
88,16
-43,-61
-93,29
-27,93
14,-86
20,88
95,6
-12,-79
14,-87
-73,43
-16,-79
-9,93
-51,-35
-28,87
-18,98
14,-88
18,-82
-73,44
94,-7
-25,93
-74,39
45,-47
82,30
96,-7
33,-43
83,30
-28,92
-27,70
41,-16
25,-83
-19,95
18,63
10,86
27,80
-99,-4
-92,-9
38,71
39,-70
-43,-62
94,8
64,-5
-41,-63
-68,37
100,-1
-29,92
-98,-7
87,-12
-75,38
-20,98
50,43
92,-11
-44,-50
-2,81
-94,29
-89,-9
-99,0
88,-13
55,40
-43,-63
-95,26
9,-77
-74,45
26,80
78,37
89,17
13,-85
-25,71
17,-84
92,-12
-98,-8
77,41
-27,86
92,-13
-95,29
28,80
-37,-59
-9,94
-97,24
19,87
-99,-8
93,-8
8,88
-13,94
-21,-69
-4,83
94,9
-66,-30
-96,28
77,42
35,-77
-30,88
-73,45
-100,-5
-88,29
-73,46
-92,-10
-18,-78
-24,-69
89,19
-67,-30
-97,27
47,-46
-100,0
-9,95
-12,-80
-24,95
37,-46
-17,-79
31,76
39,-69
73,24
-1,84
80,33
-31,88
-96,29
-42,-57
-100,-8
-9,96
41,-75
-18,97
-101,0
-97,26
19,-82
51,45
98,-5
-95,30
-23,-67
28,81
81,29
51,46
-86,30
21,88
-100,-9
43,-74
-28,93
94,10
21,87
-42,-54
-101,-5
-79,31
29,80
83,21
36,-77
38,72
-95,-10
19,88
92,-10
97,-4
93,-12
42,-75
-19,-64
-98,2
-13,95
-96,30
-22,61
13,-87
90,17
-74,-25
-16,-80
-98,-9
-30,92
-101,-9
28,82
-96,31
-98,24
-75,44
-77,37
56,40
28,83
39,72
-20,97
43,-17
30,80
-75,45
-80,-8
-27,69
-71,36
99,1
39,-68
-44,-61
-39,-61
101,-1
28,-79
-59,-33
29,81
78,42
56,41
-60,-33
79,42
91,17
-17,-75
-15,-80
18,88
-97,29
93,-10
77,43
-25,-69
-18,-69
-76,45
91,16
-99,-9
96,5
-45,-61
36,69
39,-67
12,-85
28,84
79,32
-29,91
80,42
-98,23
-56,-36
-97,30
-13,96
-15,-81
-17,94
80,43
81,19
-79,32
49,44
-8,94
-12,-81
91,18
76,-4
83,31
-73,-28
-98,30
97,5
100,-2
27,-82
94,11
76,43
-100,-7
35,-78
87,-11
43,-49
100,0
30,75
92,16
42,-49
47,-31
34,-78
79,43
30,81
-98,27
98,5
39,-75
-17,97
-101,-10
-8,96
93,16
97,-6
101,-2
-20,84
-102,-9
87,-13
25,-84
-30,93
-37,-60
-93,-10
43,-75
-99,1
49,-36
10,-81
81,32
-72,43
75,43
-21,96
-100,-10
101,-3
38,73
-41,-64
95,10
44,-73
102,-3
25,-85
-99,23
-97,31
-28,70
-60,-32
30,82
10,-82
42,-72
-49,-34
34,-40
36,68
95,8
-98,31
36,-68
80,44
18,89
96,10
-38,-62
11,-85
-99,27
101,0
-100,27
102,-2
103,-3
-12,-73
-14,96
32,76
80,45
-11,-76
39,-66
45,-6
42,-76
-38,-63
-58,-37
-25,-70
50,-36
93,-13
-99,31
94,-10
-77,45
-65,-30
-15,-82
-99,26
42,-77
101,-4
93,15
45,-48
93,-14
-7,96
78,35
-11,-79
33,-78
66,36
-25,-71
27,84
94,16
-98,29
-99,30
92,17
86,-13
-28,71
-97,23
36,71
-77,38
83,29
-15,-83
-91,-10
-18,79
-19,99
-12,-82
42,-78
76,44
-11,-78
-102,-8
49,-37
-101,27
97,6
28,-60
93,17
94,-14
35,-79
-65,-29
-76,46
-77,34
75,42
7,84
11,88
-58,-38
-98,3
-31,93
37,-77
-100,-11
-5,83
-99,-10
92,-14
84,30
-76,44
18,90
-92,30
39,-65
-15,-84
-99,29
87,-9
62,35
94,-15
95,-15
-22,84
-74,-28
-68,32
44,-72
-10,-70
-102,-10
-44,-51
-25,-72
63,-5
42,-16
-28,86
-26,-69
-97,22
93,14
-10,-79
26,-85
-68,-29
40,-71
-29,71
-64,-30
-88,31
-74,46
-103,-9
-13,-80
97,7
-24,96
37,69
43,-76
66,37
38,74
56,38
-61,-33
-19,-77
-104,-9
81,43
15,-88
81,42
93,18
22,85
59,-6
43,-77
-99,22
-99,32
-100,22
103,-2
79,44
104,-3
17,-85
31,81
8,89
81,31
39,74
-30,71
29,77
-100,32
18,91
-19,100
-16,-83
89,20
-93,-11
-61,-34
-69,-29
-12,-83
44,-48
-99,33
-43,-55
29,83
11,89
-101,-1
22,88
8,-78
-17,-80
-102,27
-100,23
38,-77
104,-2
104,-1
15,-86
-102,0
-103,27
95,11
95,-16
18,92
104,-4
105,-3
12,-87
22,45
-7,97
-100,1
38,-78
45,-72
18,-85
-10,96
27,-83
-80,-21
-78,-24
-18,-80
65,38
-25,95
-101,-11
-31,89
85,-10
99,2
-18,-81
-24,97
40,-65
80,46
-77,46
84,21
17,92
94,15
-102,26
-30,94
97,8
-30,91
-31,92
103,-4
-101,-8
-17,98
95,-17
-29,93
81,41
46,-47
-79,-24
105,-1
-88,32
-31,71
96,9
-98,-10
44,-76
-11,-83
-57,-38
-72,-28
-11,-82
100,2
23,88
81,40
80,47
46,-48
-88,18
81,33
44,-74
-24,98
98,7
-6,97
80,48
-99,2
84,31
-92,2
78,-5
35,-80
25,-86
17,93
-99,34
50,-35
-29,70
81,48
-25,-68
46,-72
-8,97
-15,96
-103,-10
81,45
84,29
16,-88
-17,-83
95,-18
105,-4
98,8
-98,-11
16,93
-78,-25
-5,84
94,-12
-20,-77
-16,96
31,82
-26,-72
16,92
30,83
46,-71
-43,-64
-103,28
57,41
106,-4
57,-8
-100,33
-66,31
-43,-65
-79,-25
96,-18
19,91
-104,-10
-13,-83
-21,-77
96,-16
-18,-83
-32,92
16,94
-101,22
39,70
37,68
28,-82
50,46
50,-37
-9,97
40,-47
-41,-52
51,-35
106,-5
-99,-3
-18,-79
95,15
82,40
82,45
23,89
64,-6
46,-49
96,-15
-94,-11
-30,72
44,-49
-10,92
-17,-84
-102,-1
16,95
41,-65
33,72
75,-5
-100,34
-19,-83
15,94
95,-19
-44,-62
95,-20
-104,27
-38,-64
24,-84
-24,99
-10,97
94,-17
106,-1
22,89
-28,23
-78,-26
40,70
24,-85
-56,-38
-98,-12
-28,94
-19,101
-10,-80
76,45
-29,69
82,32
89,-13
-10,98
-77,-19
106,0
-94,-12
12,-88
-24,100
81,46
-61,-35
-30,87
-101,1
93,19
101,1
-24,-71
-101,21
82,48
12,-89
-77,-26
43,-78
94,19
-72,-29
-77,47
-42,-44
-18,99
-10,99
56,42
-25,100
-102,21
7,88
-46,-61
-105,-10
43,-79
-102,-2
14,94
-94,-13
57,42
-97,21
92,19
95,-21
-47,-61
94,17
107,-4
43,-80
-46,26
54,42
105,-5
-17,99
83,40
32,-78
96,-14
46,-50
20,47
87,-14
-97,20
18,93
-103,-2
-44,-52
106,-6
-11,-84
-18,-84
-32,88
39,73
14,-89
29,-82
-5,97
108,-4
83,32
-44,-42
27,-84
-17,100
40,74
38,-68
97,-18
-24,101
-42,22
33,-79
44,-77
44,-78
-80,-25
-40,-63
7,89
-89,31
95,-22
-20,-83
108,-3
80,49
11,-89
-27,-72
20,91
-92,31
-26,-73
-11,99
-33,88
41,74
94,-19
57,-5
-32,93
7,90
-101,33
31,80
41,-78
-44,-63
-98,32
82,21
31,-78
-92,20
-20,-66
-102,-11
48,44
31,83
43,-81
66,35
83,41
-19,-79
-88,-10
-9,-79
106,1
-11,100
-79,-26
-18,101
-59,-38
107,-6
-25,101
-102,22
105,-6
-30,73
-9,99
95,-23
-88,33
46,-70
43,-82
96,-21
-18,-85
-104,-2
42,-82
-44,-55
47,-71
107,-7
-48,-61
99,8
-80,-26
-21,59
97,-14
-102,25
-25,99
-95,-12
44,-75
-102,28
-19,102
-51,-36
45,-76
95,14
17,94
-58,-39
-75,-28
85,29
85,31
-104,-1
-49,-61
-31,30
94,-22
50,-34
-9,98
47,-50
44,-81
-32,91
-31,73
85,30
-103,26
95,-24
15,-89
13,94
27,-85
-72,-30
98,-14
-98,-13
-72,-31
42,-65
45,-81
40,71
94,20
-21,-70
-49,-62
-14,-84
-28,-72
-18,102
50,-10
99,9
-68,38
-98,33
16,96
42,-83
-6,-64
-25,98
30,84
-11,101
-104,-11
106,-7
11,-90
-91,31
97,-19
-72,46
-104,-12
-10,101
80,50
45,-80
79,50
96,-23
15,-90
16,-90
86,-12
-4,97
92,20
103,-1
-81,-25
82,41
94,21
26,-86
-81,-21
96,-24
14,43
-18,103
-98,34
-71,-31
24,-86
-103,21
95,21
30,31
108,-5
-44,-65
-26,100
-7,86
-105,-12
103,0
97,-24
-26,101
97,-20
-75,46
24,89
-101,34
-105,-1
108,-2
107,-1
-98,35
-44,-66
-73,-29
16,-91
44,-82
-29,72
18,94
-25,-67
32,72
37,-78
-25,97
106,2
97,-23
-14,-85
106,-8
-99,-13
79,51
107,0
82,47
-46,-49
80,51
-77,48
-99,-12
-19,-85
-49,-60
45,-74
-59,-39
-23,62
47,-70
-76,48
44,-83
40,75
-105,0
-9,-80
32,83
-104,-8
-99,35
-97,-10
85,-13
-18,-86
58,42
-4,98
107,2
17,95
-18,-87
-103,25
-44,-67
-17,-87
93,21
32,81
98,-20
31,-79
36,67
43,-65
-11,-85
11,-91
-87,33
-38,-65
-45,-63
73,-3
45,-83
22,38
-4,99
-77,49
-12,-85
-28,95
-50,-62
-25,102
16,97
84,40
-94,-14
46,-81
-50,-60
47,-69
-95,31
-25,103
6,90
-26,-70
82,43
77,36
107,-8
-85,-13
-57,-39
-45,-65
-78,47
86,-14
94,-21
-105,1
57,-9
29,84
16,98
-9,-78
-68,39
11,-92
47,-81
106,3
10,-92
75,44
81,51
-28,-71
79,35
107,-9
-26,-67
78,51
17,97
-64,-31
85,40
-105,-8
-78,46
-101,2
-85,-14
17,-90
-62,-35
86,31
33,81
42,-50
17,-88
82,49
47,-45
-105,27
-49,-29
12,-92
-106,-12
85,20
-52,-36
42,74
-26,-74
-98,36
108,-1
10,-89
-107,-12
-21,84
-75,48
-106,-8
-77,44
-26,102
-25,104
-20,-85
-10,-85
-104,-3
43,74
-10,-86
-94,-15
-78,49
-10,-84
14,-90
17,98
99,10
40,73
-44,-68
-59,-40
-32,73
19,94
-103,22
-10,-75
98,-18
82,51
18,98
-17,-88
83,51
-81,-26
-105,-13
24,-87
-11,102
41,75
-9,-85
38,68
-100,35
86,40
-21,-85
17,-91
47,-82
86,32
-81,-22
45,-84
-76,-28
-18,104
-93,3
-79,47
109,-1
-99,-14
-105,-14
-95,-13
-74,-29
82,46
-38,-66
-24,104
47,-72
-101,35
-103,29
70,39
-26,99
108,-8
17,99
7,87
-29,-71
106,4
83,52
-102,35
18,97
-22,-85
-100,30
-3,97
-51,29
-10,-69
51,-37
-76,-29
10,-90
-12,102
108,-6
12,94
83,-7
98,9
10,-93
-43,-68
21,91
43,75
-86,-14
-79,46
-75,47
-23,104
-17,-89
46,-74
108,-7
-97,35
106,5
86,29
-33,73
-105,28
99,11
-73,-31
78,52
24,88
64,38
44,74
109,-6
-50,-63
-104,-7
84,52
-18,-88
75,-6
-29,-70
-16,-89
106,-9
-105,26
85,52
18,-88
-80,46
-9,101
-87,-14
-26,103
85,51
17,100
-13,102
42,-51
58,-9
-31,74
15,98
18,-91
-42,-68
11,-93
84,-9
47,-83
-18,-89
-41,-47
15,-91
-19,103
-48,-60
-27,-74
-50,-61
-43,-69
107,5
97,-25
-72,41
-50,30
-71,41
-93,21
43,-83
-95,-14
-76,-30
18,-90
19,97
-10,-87
41,71
45,-85
44,-85
28,-84
78,53
100,9
87,31
107,6
108,6
107,7
-63,-35
-66,32
99,-20
52,-35
46,-85
-10,102
-10,103
-80,47
107,1
-105,-2
-80,-27
-82,-25
-17,-90
-12,103
42,-52
42,71
-16,-90
86,52
98,-25
-22,-84
-27,102
45,-79
-74,48
-90,2
-105,-15
98,-6
-98,37
-82,-24
-62,-34
-23,-84
41,-83
-105,-16
86,51
-87,34
-19,-88
-19,104
96,-25
-43,-70
46,-51
44,-86
29,-84
-30,-71
107,8
-80,45
85,53
86,50
-16,-91
-26,104
-105,25
30,-84
100,3
-27,101
10,-88
33,76
-56,-39
-98,38
24,-88
-26,98
56,39
31,79
-107,-8
-106,-9
-75,49
42,72
-51,28
-105,2
-50,-64
29,85
96,21
87,51
53,-35
-49,-63
-106,2
109,-8
-32,40
110,-6
105,0
-77,-30
-59,-37
108,8
95,-25
-24,105
-108,-8
-27,99
106,6
87,50
9,-92
-17,-91
50,-38
15,99
-15,-90
109,-3
-24,106
107,3
-50,-59
-106,25
111,-6
9,-88
-105,24
-81,47
-6,98
19,98
-5,99
-18,105
-32,74
78,54
20,92
108,-9
-81,46
-10,104
-109,-8
-106,27
-18,-91
97,-26
-28,96
-20,-88
99,-21
23,-88
-18,-92
-109,-7
8,-92
-96,32
-15,-91
98,-24
17,101
-27,-73
-110,-8
-108,-12
42,70
94,-24
-84,2
45,-78
97,-27
109,-9
18,99
-17,-92
47,38
-49,-64
-32,87
-106,-15
-64,-35
-32,90
-81,48
99,-18
48,-82
7,-92
94,-25
100,-20
33,-64
78,55
20,94
110,-3
-45,-42
107,9
48,-70
-105,-17
-19,105
-45,-55
31,-84
11,94
31,77
-17,105
87,40
110,-1
-71,-32
-21,-88
-103,20
46,-73
-11,103
20,95
-7,98
85,-12
-96,-14
-106,26
83,48
-25,37
-106,-14
27,-86
107,10
-74,49
-104,-6
83,47
-44,-70
-110,-7
-104,-17
-17,106
108,7
-74,50
43,71
-28,101
75,-7
-16,106
-51,-64
24,-89
86,53
-33,87
42,-84
50,-39
17,102
18,100
-73,49
-72,45
25,-89
-110,-6
19,99
-99,-15
-5,100
-22,104
19,-91
57,40
-18,106
-106,28
-19,-89
-24,-84
109,-10
107,11
-73,50
-33,74
-8,-78
43,76
-104,28
-23,106
20,96
-75,50
88,40
-82,48
16,-92
-78,-30
-70,-32
-16,107
-27,104
-32,39
-102,34
40,-83
97,-28
-81,-27
-72,47
-24,-83
-28,104
44,76
34,81
-82,-21
99,-25
-111,-7
86,54
15,-92
96,-26
-107,2
-51,-63
-103,19
-106,3
98,-21
110,-10
6,-92
93,-22
-25,-84
47,-49
87,53
47,-51
-111,-8
-51,-65
86,39
95,22
91,20
110,-8
46,-80
-16,108
-112,-7
110,-5
-28,100
7,-93
96,22
-13,103
-9,104
108,9
46,-86
48,-69
-64,-36
87,52
-19,-92
42,-53
-109,-12
17,103
-32,89
-82,-27
-25,-85
87,39
-9,-87
-82,49
111,-7
18,-92
-82,-26
-106,1
-105,29
-107,28
-94,-16
-108,28
98,-28
-82,46
-105,-18
84,53
-72,49
-15,-92
-44,-69
-105,-19
-46,-55
-52,-63
-106,24
-23,107
106,11
87,54
100,-21
43,-52
43,70
-25,-86
-45,-70
-29,101
21,96
28,-61
-44,-71
-53,-63
49,-82
17,104
-17,104
-107,-15
43,-66
6,-91
-93,-14
100,-25
77,53
-29,102
50,47
-18,-93
100,-19
87,55
55,41
21,94
-42,-69
107,12
-44,-72
-51,-62
97,-15
50,-82
-82,-28
50,-40
-106,4
-78,50
-15,-93
88,39
-107,25
-83,-24
38,-79
88,54
97,-7
-16,109
-103,23
111,-10
106,-10
17,105
-26,-86
-21,83
109,7
-106,-1
108,11
52,-34
-103,18
-105,-20
23,-89
-32,72
108,12
98,-22
107,13
51,-82
-110,-12
-59,-41
99,-24
31,-85
-105,-21
-82,-29
-31,94
17,106
88,55
26,-87
-34,88
26,-59
8,-88
85,54
45,-86
-103,17
44,-87
7,91
45,-87
48,-72
-70,41
-7,99
7,-78
84,-13
-105,-22
84,28
98,-26
-21,-89
-23,-83
-33,72
84,27
-34,87
-58,-40
112,-7
96,-17
43,-64
48,-83
-75,51
-29,103
-78,-31
-72,50
-27,-86
-113,-7
95,19
78,56
100,10
-15,106
51,-83
-46,-65
77,54
108,13
11,-84
-30,102
-52,-64
-109,28
-104,-20
-4,100
17,107
-108,2
100,-18
87,38
89,54
44,-88
45,-7
112,-6
-110,-5
26,-89
87,56
-99,38
-28,85
-79,50
23,-90
88,50
90,54
97,-29
-110,28
-112,-8
-30,69
-28,105
40,69
106,-11
-45,-72
-113,-8
97,-30
110,-2
-19,106
89,40
47,-44
-45,-52
84,54
-107,26
44,-89
79,53
-32,94
99,-28
111,-5
88,52
18,102
44,-64
-2,97
-29,104
-110,27
20,99
-103,34
100,-26
-26,105
-106,-17
-104,21
-83,-29
-53,-64
-17,-93
-23,108
80,53
-111,27
-104,-22
100,-27
50,-83
-98,-14
49,-81
14,-92
-22,-89
-14,-92
88,41
-33,92
89,50
97,-31
42,73
51,-84
85,55
-60,-35
-25,-87
16,99
-53,-65
-22,-90
-24,108
-19,-93
-79,51
24,-90
50,48
-80,50
-98,39
31,-86
-35,87
46,-75
99,-23
113,-7
-21,-87
77,56
98,-31
112,-10
78,57
90,55
-111,-9
-89,33
-33,86
-54,-65
109,11
95,23
96,-29
6,-93
45,74
20,98
25,88
-53,-66
-19,-86
94,22
43,-86
51,-85
21,97
-81,50
-46,-72
18,101
88,49
93,22
17,108
52,-83
32,84
109,12
89,39
-106,29
25,-90
24,90
111,-11
24,-91
101,-25
28,30
11,-94
18,-93
88,48
-75,52
51,-81
-24,109
-72,51
100,-22
-36,87
-31,102
-8,-87
43,-88
-10,-81
-73,-32
-29,105
-45,-69
22,96
-114,-8
-69,-32
-72,52
-22,107
-106,30
52,-81
95,24
35,81
52,-84
91,54
-34,72
112,-11
-14,-93
-15,109
53,-83
-78,51
-14,109
-13,109
79,55
-54,-63
110,7
112,-8
-103,35
21,98
-31,95
17,-92
16,-93
-24,110
-106,-13
-47,-72
110,12
12,-94
53,-81
-34,74
-71,49
-107,4
47,-80
-27,-75
-104,35
32,85
32,86
89,38
-97,38
88,47
-106,-20
-35,74
-83,48
-67,38
-55,-63
96,24
46,74
93,-17
-107,5
51,-86
-106,-21
86,55
-12,109
-103,36
33,86
111,-2
-113,-6
36,66
83,43
-81,51
110,11
-27,-87
-105,30
-75,53
-17,107
-106,0
-5,101
-27,-88
43,-89
53,-84
-82,51
-110,26
-109,-13
39,-83
101,-24
-25,108
-18,107
-82,52
-3,100
-108,3
109,13
-16,-93
-107,-20
31,85
18,107
109,14
71,40
-107,0
33,87
18,-94
50,49
93,-25
45,-89
-34,89
18,103
87,57
-100,38
-29,106
110,10
-108,-13
-105,35
97,-32
112,-2
98,-32
-51,-59
-14,-94
-114,-6
5,-92
-106,35
-28,-87
51,-87
110,13
-106,31
88,51
88,46
110,9
-100,39
-107,-14
111,10
111,7
-29,107
101,-18
101,-22
-34,86
7,-79
90,56
-29,108
46,-7
90,38
97,21
-106,36
99,-31
89,51
17,109
112,-9
112,-12
24,-92
-20,-92
-42,-70
7,-94
-33,94
-30,108
-107,35
94,24
-50,-58
-93,31
44,-65
42,-54
-106,37
52,-80
-64,-37
-114,-9
52,-33
-22,106
112,7
-28,-88
97,-33
-109,3
98,21
-84,-24
-107,31
49,-69
113,-12
100,-31
112,10
101,-26
19,103
-30,101
-14,-90
112,-13
74,-7
17,110
-114,-10
-15,110
-105,-23
-46,-50
87,29
14,-91
16,110
-112,27
113,-6
91,55
-32,102
96,-28
-108,4
22,97
-37,87
-29,100
-83,-30
7,-95
-4,101
108,14
-112,28
92,54
32,-84
21,93
-104,20
98,-33
-22,-91
-55,-64
79,36
-104,-23
-106,-22
52,-79
-104,-24
97,-34
-34,73
-115,-6
51,-88
-105,-24
-60,-40
40,-64
101,-27
-105,21
18,-95
44,-63
52,-85
-75,54
93,-21
-9,-88
-16,98
-16,-94
-107,24
-74,54
-83,46
-105,37
-116,-6
-72,53
10,-94
-116,-7
98,-34
96,-34
-98,40
99,-33
83,45
-105,20
-31,108
112,-14
107,14
44,77
95,-28
18,106
17,111
-100,36
-18,108
-84,46
42,-86
-30,100
-107,-21
89,46
-30,109
-112,29
44,-66
-110,3
-54,-66
-23,63
-113,29
102,-22
-27,-89
-113,27
113,-2
-83,-31
-17,-94
-37,86
39,-84
25,-92
23,96
-108,-20
-11,-87
42,-18
114,-12
113,-5
90,46
111,-14
91,56
-18,-94
68,-2
-9,105
51,-40
38,-83
-108,-14
45,75
-28,-70
111,-15
112,-15
53,-85
-83,49
6,-79
45,-90
114,-5
16,108
25,90
114,-13
15,108
113,7
-30,107
-106,-24
91,46
38,67
-15,-94
99,21
106,13
88,57
-33,71
-38,87
-113,26
-31,109
-74,55
28,-86
92,55
64,36
-107,-19
-77,-31
-84,-31
-85,46
48,-51
-109,29
18,108
-26,-85
77,57
-30,110
92,46
-32,109
-49,-58
-112,30
30,85
93,54
-104,-14
9,-94
20,100
-32,86
99,22
46,-90
19,-94
-32,103
108,15
-32,-55
77,52
99,-34
45,-91
-111,3
96,-33
-84,47
-38,88
114,-2
-33,109
-16,-95
45,77
26,-92
-28,106
-33,103
48,-50
24,96
41,-28
-115,-9
-34,109
110,-15
44,70
-86,46
54,-83
-103,-22
-114,27
24,-93
-113,28
-28,-86
-82,53
26,90
-15,-95
15,100
-111,30
47,-90
73,-7
23,-93
-14,110
23,-94
93,53
112,-16
-109,-20
108,1
-83,53
-84,-30
113,-1
17,112
-14,111
4,-92
112,6
32,-86
-15,-96
-97,40
114,7
-34,103
-76,53
98,-35
-70,49
97,-35
-34,108
-13,104
47,-91
-22,108
-44,-73
-13,110
89,57
-22,-92
-18,-95
-73,55
-14,-96
-85,-31
90,39
-29,-86
-109,4
87,32
101,-31
-113,30
-29,99
34,86
-83,45
63,38
92,56
-111,31
-107,-24
-9,106
25,96
93,-26
88,29
100,22
113,-3
-104,17
-35,72
-33,104
-85,-32
-107,34
19,-95
-115,27
93,55
109,15
53,-86
99,20
115,-13
-36,72
46,77
-115,-10
101,-30
-103,37
-55,-66
-27,-90
19,-96
92,57
-54,-67
47,-92
96,25
-110,31
-34,104
47,74
113,10
4,-93
95,25
16,105
52,43
26,-93
47,75
7,-96
-98,41
-99,39
-9,107
-56,-63
-85,-33
-111,4
-107,36
109,16
96,-30
-85,-24
-28,-89
54,-86
-115,28
-75,55
38,-84
92,58
-17,-95
-82,54
-34,71
115,-2
19,108
102,-26
44,78
-38,89
111,13
6,91
-117,-6
-9,108
-115,26
-108,-24
-31,96
-105,17
-117,-7
47,-89
-52,-59
-82,55
25,97
93,56
113,-15
-112,3
52,46
55,-83
-109,-14
16,112
-33,93
-118,-7
-47,-73
47,-75
111,-12
-116,-10
-30,111
-30,112
-113,31
91,39
-14,112
102,-24
115,-1
-29,109
-110,25
51,49
52,-88
-118,-6
-115,25
107,-10
55,-84
108,16
-108,-25
15,107
-29,112
77,58
-24,-85
95,-33
-116,28
89,58
6,-96
-112,26
92,59
46,-92
50,-81
-13,112
-109,-19
-113,3
48,-91
27,-92
-36,73
-84,-32
20,103
-35,71
-76,54
19,109
114,-6
-31,110
-38,90
52,-40
95,18
42,-88
115,-12
47,-68
110,-16
115,7
16,113
-108,-26
93,46
-55,-65
-69,-33
6,-94
116,-12
-29,113
-103,-24
-119,-6
18,111
-109,-26
88,31
26,-94
88,58
115,-11
-34,92
29,-86
112,13
-35,92
-71,53
96,-35
-116,-11
19,106
45,-63
-114,25
102,-31
42,75
-13,-94
-116,26
-99,41
20,-96
-19,-95
-113,-10
-113,4
-23,-53
-86,-32
-113,-9
53,-88
-46,-73
45,70
-39,89
-13,113
114,-14
-84,49
-56,-62
16,114
93,47
-65,32
19,107
-100,41
-75,56
112,14
-109,-21
114,-1
93,45
101,22
-56,-65
49,-39
-71,52
94,53
-12,113
-83,55
-4,96
115,8
-85,49
93,58
-110,4
-13,-95
55,-86
76,58
52,-41
-83,54
47,-93
90,57
100,23
16,115
-15,-97
116,8
83,-13
20,101
56,-86
-109,-27
-26,-75
-29,-88
54,-88
92,22
100,-28
-46,-74
-113,-11
-98,42
-31,86
95,-35
34,87
-37,73
-110,-26
-33,110
-110,-25
46,78
94,46
-74,56
46,-93
19,110
-113,32
47,-94
-86,-33
103,-31
-32,95
115,-10
112,15
-107,-17
-36,92
95,-36
27,-93
53,-80
-87,-33
-109,5
-33,95
-13,-96
19,-97
-109,30
77,59
100,-32
-29,114
104,-31
-115,24
40,68
-28,-73
-113,5
-60,-41
111,-4
-52,25
3,-93
-108,-27
47,-95
-113,33
47,-96
114,-15
102,-32
102,-33
19,105
108,17
-54,-68
-31,111
-34,110
94,-36
16,111
-26,-90
-33,111
77,55
-19,-94
-86,-34
-114,31
-8,105
-19,-96
-102,-24
-115,-11
-12,114
102,-34
-103,-23
-20,-82
-109,-25
115,-6
114,10
96,-36
-120,-6
-10,107
-86,-35
-108,-23
-18,109
-35,93
53,-41
4,-91
-86,49
116,9
16,116
-35,110
-110,-21
-119,-7
-55,-68
95,-34
-29,-89
-12,115
117,9
48,-32
32,-87
92,60
92,39
-115,-5
8,-96
-110,-22
-48,-73
18,105
49,-91
-107,37
-115,-12
91,38
-31,112
112,16
44,79
-115,-13
-21,-90
-28,108
-30,114
24,-94
117,8
-119,-5
-111,-26
-13,114
-29,110
-8,108
48,-90
116,-13
-69,49
111,12
35,87
-81,53
16,117
15,110
-100,42
105,11
-73,56
16,118
91,60
56,-83
-100,43
-34,107
91,61
91,62
-115,31
18,112
-108,35
-118,-5
72,-7
-51,30
18,113
19,-98
-106,-25
-8,-88
-97,39
48,-68
20,109
-76,55
-49,-73
96,-37
-18,-96
94,56
54,-81
94,55
-110,5
33,88
-30,115
-108,37
-111,-27
-14,113
63,36
48,74
116,-1
-116,24
118,8
119,8
-117,24
113,16
-36,110
92,62
94,54
104,-32
-114,24
113,-16
-114,-12
-116,27
15,114
-101,41
14,108
35,88
-11,114
36,87
17,118
5,-94
-114,-13
103,-24
-112,-26
113,17
115,0
-116,23
17,119
-108,-28
-7,-88
113,-17
15,117
-109,37
17,120
-105,38
22,-94
102,-35
-27,-91
43,-90
-40,-64
-13,-97
19,113
56,-84
16,120
-118,24
-101,42
-93,-15
94,47
-36,93
4,-94
-11,115
114,-17
116,-2
19,-99
-46,-75
-57,-65
-29,115
103,-33
43,77
112,17
-10,115
-114,4
-74,-32
86,57
-117,-11
-23,-91
-15,-98
104,-24
120,8
21,-94
-83,-32
-60,-37
-73,54
-12,-94
50,-69
47,-97
-115,32
116,-6
-110,37
-118,23
92,63
23,90
-67,37
-14,-98
-118,22
90,61
49,-68
32,88
105,-24
87,30
-120,-5
57,-10
-12,-95
113,15
5,-96
-97,41
-30,-89
-73,57
-39,87
102,-36
-84,45
11,-95
-109,38
-34,95
104,-33
-29,-87
18,120
6,-97
36,88
25,98
-112,-27
-108,36
48,73
-112,2
-35,103
90,60
117,10
36,86
92,64
-57,-66
-83,56
-88,-33
46,-97
18,121
-118,25
117,-1
-30,116
48,-73
112,18
15,109
-19,-97
-35,108
-44,-74
-116,31
-31,101
19,121
-72,55
-120,-4
-31,-71
-45,-75
-36,103
95,56
14,107
47,-98
55,-81
116,-10
93,-36
113,18
14,117
-13,-98
78,59
117,-10
120,9
-104,16
-57,-67
47,-99
117,-2
-31,100
-112,5
114,17
104,-30
57,-83
112,-17
5,-97
-78,52
53,-89
103,-36
94,-23
-20,-96
90,62
19,-100
-65,-37
26,97
113,14
-100,44
114,-18
93,64
-29,116
95,17
118,7
-110,38
-87,46
111,17
-28,-75
45,-97
-119,24
18,-100
-37,110
106,-24
-87,-35
27,97
52,-89
-108,38
113,19
-97,42
93,57
-84,44
-117,28
-36,109
46,-99
-120,-3
114,-4
72,-8
-58,-66
119,9
-40,89
107,16
121,8
11,95
-16,-97
91,64
-84,56
-10,116
79,56
51,-69
20,113
113,-8
17,121
-40,88
-117,-12
-109,-28
-41,89
-60,-39
46,-79
20,-100
51,-70
13,107
53,-90
-121,-5
-29,-90
-55,-38
20,105
-110,39
-14,-99
-87,-36
92,65
-86,-36
8,-97
-109,-29
94,-28
-58,-67
-118,21
95,54
-108,-29
106,-25
20,107
-111,-21
94,-29
102,-37
-110,40
-89,-33
105,-33
-28,112
-36,102
-71,54
-38,110
21,109
15,111
-84,55
90,40
-110,41
48,-96
18,-101
-83,57
-84,57
-39,110
-37,102
20,121
-32,100
-40,110
-113,34
-49,-74
-34,111
92,45
-121,-4
114,18
-26,-91
-9,116
20,122
78,60
21,-100
48,72
17,-95
95,47
14,-93
-50,-74
-108,39
-34,94
10,95
-34,85
-112,-21
-110,42
93,65
20,102
-85,57
-115,4
89,62
95,-37
108,18
118,-1
118,-10
103,-37
-12,-97
20,-101
15,115
22,-100
-119,23
114,-19
55,-87
-114,34
-56,-68
-82,-23
112,-18
100,-34
27,90
19,120
115,-15
48,-98
-49,-75
115,17
14,114
-8,116
-15,-99
23,45
105,-25
-107,-29
-84,50
45,-99
116,17
-114,5
-11,-97
104,-36
-111,42
106,-33
-60,-42
93,66
-120,-7
17,116
-117,-13
-72,57
-99,43
95,-38
28,97
-33,75
94,65
-111,43
6,-98
-29,117
-12,-98
-88,-34
115,18
-30,117
117,-13
17,-101
-9,117
-38,111
8,-98
-115,34
-9,118
-12,116
95,-39
-88,-32
107,18
-102,41
-10,117
-56,-69
-77,54
37,87
94,58
-19,-98
76,59
-16,-99
-30,-90
21,-96
-16,55
114,19
-120,23
93,67
-84,54
-9,115
94,67
95,55
-9,119
-57,-62
-21,-96
-28,117
-111,38
95,-40
20,108
38,75
77,45
-116,30
116,-3
-10,-97
-38,112
-26,108
55,-88
45,79
-8,117
-39,112
48,-99
-110,43
-50,-75
6,-99
-49,-76
-21,108
117,17
56,-81
-25,-91
117,18
115,-17
18,-102
103,-38
54,-90
-40,87
-7,116
-118,20
107,-24
21,121
-55,-39
-110,-29
49,-98
-39,109
-71,57
-84,51
-10,-96
-87,47
-85,55
37,86
93,68
105,-31
-25,110
118,-9
118,-2
107,-33
-112,42
96,54
103,-39
-9,120
-8,120
16,-101
19,122
45,-100
108,-33
38,86
-20,-94
116,-17
-112,41
-121,-7
-120,-8
-118,19
-39,113
94,59
-113,-27
-36,111
-115,-14
22,121
-31,-90
-7,120
15,120
22,122
-73,-33
-30,118
-47,-50
-27,-92
23,-100
57,-84
21,120
119,-2
-72,58
-116,-12
51,-68
14,-94
96,53
20,112
-30,119
-112,43
-27,117
-49,-77
-7,117
-109,6
49,-99
88,59
17,122
-16,-100
53,-33
-113,43
118,18
-75,-29
38,87
119,-9
-17,-100
40,76
-57,-64
75,59
114,20
-114,6
-119,25
53,-32
57,-82
-87,-37
-110,44
-109,43
46,-100
115,-19
-31,119
-111,-28
58,-83
101,-36
109,-33
18,118
-89,-34
-121,-8
21,122
-56,-70
50,-99
-119,19
45,-101
95,67
7,-99
-32,119
-29,119
-115,33
118,17
-118,18
-97,43
-86,50
-48,-77
-21,-97
7,-100
-13,-99
119,-10
55,-89
-38,73
90,41
-115,6
89,59
93,48
19,-101
13,117
96,-40
-70,52
111,18
119,-1
-122,-8
47,-100
51,-99
-35,102
121,9
52,-78
95,-41
-122,-4
-109,-30
-37,101
25,99
-116,32
-13,-100
6,-100
13,116
89,31
-117,31
50,-100
-87,48
118,9
96,67
-88,-37
-30,-91
20,-102
56,-85
-30,120
-33,119
-58,-62
92,66
-85,58
17,123
-78,-32
119,-8
52,-99
19,-102
-26,117
5,-99
96,66
-14,-100
21,102
50,-98
-88,46
-6,116
-110,36
-22,-97
122,9
102,-39
-118,-12
-115,35
120,-9
-38,72
26,-95
21,119
-115,3
115,19
-122,-3
54,-91
-20,-98
-45,-76
17,124
-11,-98
58,-82
-88,-36
123,9
121,-9
119,-3
-111,36
-108,-30
-86,-37
-122,-7
-112,-22
-61,-41
53,-99
-42,89
21,-101
-71,58
92,-25
-59,-66
103,-40
-87,-38
-123,-8
91,65
94,45
25,95
118,6
-58,-65
117,-17
-74,57
-30,-92
-26,-84
15,-101
97,54
-89,-36
24,-100
15,121
-118,31
93,69
97,-40
96,68
-38,71
120,-2
-49,-78
-114,-27
-118,28
-34,96
-74,-33
93,-28
115,-20
16,124
-73,58
-118,30
94,60
-82,-31
117,19
95,-42
118,19
-56,-71
-114,43
18,-103
-112,1
46,70
58,-81
-113,-28
-107,-30
-101,43
-96,43
-55,-71
-110,-30
114,15
-119,30
-102,42
53,-98
-120,24
24,-101
-21,-98
-95,43
75,58
-40,109
36,89
-122,-6
95,59
-49,-79
-31,-92
104,-40
-10,-98
55,-90
-9,114
-90,-34
-118,-13
22,123
56,-90
119,-11
-82,-32
-115,43
110,-33
54,-80
-122,-5
-113,-22
44,-101
-60,-66
-39,114
104,-37
-30,121
-113,44
-116,6
96,55
121,7
44,-102
-119,18
-14,-101
98,54
-114,7
-67,39
44,-97
93,62
-115,2
-115,42
21,123
18,124
-50,-73
59,-82
-58,-68
-7,119
124,9
-118,29
-27,-76
16,122
-72,59
-122,-2
-40,113
-9,-98
-25,117
-25,116
-40,112
-51,-75
-107,-28
-123,-7
-117,-14
20,106
118,20
50,-101
125,9
124,8
119,17
9,-98
-113,-23
-21,-99
36,90
111,-33
22,124
105,-40
-33,118
122,8
-124,-8
-25,118
105,-39
22,120
-119,-13
121,-10
118,16
-23,-97
54,-99
-29,-85
-120,-9
6,-101
103,-41
-50,-78
-28,119
-8,-85
-57,-71
5,-100
59,-81
-117,6
114,21
-8,121
-114,35
94,-40
-68,49
-114,44
69,39
-60,-43
-118,17
-114,-23
-32,120
92,44
-51,-78
-120,30
-43,89
92,-22
105,-41
-123,-3
120,17
94,-42
37,90
23,123
-18,-100
-108,-31
-17,-99
-122,-1
104,-41
124,7
16,125
24,123
-19,-99
-31,117
105,-26
55,-91
19,123
-114,42
-86,-38
-123,-1
-6,115
119,0
92,69
117,-18
-124,-9
-124,-3
92,70
43,-97
-86,-39
-109,-31
117,-19
16,126
107,-25
94,-43
-13,-101
-107,-31
-90,-33
-88,-38
-125,-9
-18,-101
-8,-98
-115,44
-115,45
15,125
-15,111
-85,56
-59,-43
-38,113
55,-80
-24,116
52,-100
26,-96
-114,-28
-71,59
53,-78
113,20
-31,-93
-126,-9
39,87
46,-94
-111,-30
-42,90
-57,-72
119,-7
-110,-31
-124,-1
-65,-38
-119,-14
103,-42
-24,63
6,-102
-127,-9
111,-34
57,-90
-40,114
98,55
74,-8
-58,-72
49,-51
-32,-90
122,-10
-10,120
43,79
8,-100
118,21
108,-25
-118,6
24,122
-119,6
23,121
-14,-102
-124,-4
125,8
-85,54
6,-103
-28,-92
-86,55
4,-100
-31,121
92,61
18,-104
-41,109
59,-80
27,-94
53,-100
-48,-78
126,9
75,60
25,100
4,-97
91,69
-17,-101
118,-17
39,88
-57,-73
-116,45
5,-103
-23,116
88,60
-39,111
59,-79
-7,121
19,-103
-108,-32
105,-27
-9,121
91,66
-89,-37
123,10
-85,-25
-42,109
94,48
94,64
-58,-73
106,-40
-89,-35
-6,117
43,-98
26,95
17,126
21,106
27,-95
-116,44
94,63
17,127
-42,108
-114,-26
-40,108
-123,0
111,-32
126,10
54,-100
-24,111
121,-2
43,-102
-125,-4
-116,4
16,-102
88,18
39,89
-16,-101
-111,44
-115,-27
-58,-71
96,69
-90,-37
-74,58
-89,46
-89,-38
-48,-79
21,-102
121,17
74,60
53,-101
114,22
-42,88
45,80
-72,60
-81,55
96,56
-116,-27
-58,-64
96,70
125,10
-119,17
-30,-87
-116,33
-32,30
5,-104
123,8
15,118
56,-87
24,100
42,-102
-60,-44
122,-11
-51,-77
-127,-10
-113,45
42,-97
60,-81
-6,121
99,55
19,124
121,6
-127,-11
-61,-43
-112,-30
55,-99
21,112
6,-104
92,38
17,128
112,-34
122,7
55,-100
43,-101
-39,115
-110,45
24,121
-58,-61
-11,120
9,-97
123,11
-116,43
94,62
92,71
-109,-32
-31,-72
-124,0
-75,58
-114,8
-68,-32
123,-11
-68,33
-71,60
97,68
-24,115
-6,120
16,127
-126,-10
21,-103
-121,30
-34,118
28,90
-123,-5
18,127
-24,64
-70,60
-86,-40
49,72
-115,46
-73,59
-126,-4
43,-103
7,-104
25,123
-95,44
61,-81
-117,26
60,-80
-125,-1
126,11
-122,30
97,69
-110,-32
57,-91
96,65
8,-104
127,10
-125,0
-32,-92
4,-99
25,121
49,-52
26,-97
-72,61
24,124
-43,108
-88,48
126,12
-114,-22
-32,121
-128,-11
-27,118
24,101
-113,-30
-72,62
57,-89
3,-100
-124,-7
126,8
93,49
-118,16
123,-12
94,-41
87,58
122,-2
-40,86
-116,34
45,81
119,-17
117,7
-56,-72
54,-98
12,62
-40,115
-8,122
96,59
125,7
-127,-4
-129,-11
-43,109
124,-11
109,-25
-61,-42
-8,-99
42,-98
109,-24
-19,109
116,-20
24,-102
37,91
118,22
15,126
127,11
97,53
-38,115
96,26
-116,-28
93,70
27,-97
50,-102
49,74
-33,121
-109,-33
-76,58
97,65
-31,122
121,-1
99,23
-33,-90
-95,45
-106,-31
-128,-4
-109,-34
-121,-9
95,62
-111,45
94,-44
-35,118
24,125
-121,29
-24,-97
-36,108
-126,-1
-108,-33
-116,-14
17,129
-10,119
105,-37
-130,-11
115,-21
-12,-99
-125,1
-116,-26
-30,-93
-39,116
60,-79
-4,102
94,-39
122,17
54,-101
-129,-4
128,10
40,88
-116,-29
126,13
124,-10
-130,-12
34,82
-105,39
26,100
-63,26
-43,110
104,-42
104,-43
-52,-78
128,9
129,9
-33,-92
24,126
96,71
-86,-41
-86,54
61,-80
129,8
54,43
18,129
-24,-98
-105,40
54,-102
51,-101
60,-78
124,-12
-107,-26
-131,-11
18,130
42,-99
130,8
16,-103
-89,-39
99,56
19,130
62,-81
-31,123
15,-102
91,68
98,65
21,110
-60,-45
53,-102
22,112
17,-102
-91,-34
127,13
-9,122
-115,-29
-69,60
25,126
-131,-12
-14,-103
-44,89
-43,90
93,71
14,126
118,-13
25,124
-117,44
-59,-73
94,70
25,127
-33,120
-116,-30
124,6
93,72
79,60
-24,118
-128,-9
-118,44
-6,-88
25,-101
-24,-96
-44,110
-58,-60
-35,119
43,-104
-115,47
-129,-12
125,6
-34,-92
-119,26
-8,-100
-118,45
-118,32
114,23
118,23
-72,63
56,-100
130,9
109,-26
123,-13
97,70
-10,121
18,131
92,43
26,123
54,-103
98,70
-69,61
3,-101
122,18
-43,107
-31,124
-5,120
55,-103
-76,56
111,-35
106,-41
55,-98
-118,15
116,-21
106,-42
53,-97
-39,117
26,-101
-112,44
-28,-93
-131,-10
-7,-98
116,-22
-82,57
-131,-9
18,114
18,132
-90,-39
-121,24
-32,124
131,8
55,-97
-34,-90
42,-103
131,9
98,69
-132,-12
-25,-96
18,133
125,-10
-94,-17
118,24
-59,-71
-5,121
111,-31
-89,48
99,69
-49,-57
-25,-97
-91,-35
-59,-64
123,-10
-132,-13
-114,36
17,-104
110,-26
-90,-40
-33,124
-22,116
123,18
-132,-11
58,-84
-53,-78
17,-105
25,-102
13,126
-91,-33
122,19
-68,61
18,134
-36,101
-122,29
-15,-103
-43,-74
-109,44
-127,-5
98,64
99,68
12,126
-119,45
-91,-32
-61,-66
-129,-9
17,132
-43,111
96,60
-59,-68
122,-1
-24,117
97,66
93,73
98,63
20,130
-26,-96
-122,31
-59,-70
17,131
-123,30
-109,-35
-40,116
-8,123
-119,31
123,19
-37,92
51,-102
2,-101
-37,100
-115,48
-133,-13
-16,-103
55,42
-32,125
-10,122
-13,-103
-132,-10
21,-104
51,-103
102,22
45,-102
55,-92
126,-10
-71,63
48,-67
122,-9
97,52
99,65
-87,-41
44,-104
119,23
-3,101
8,-105
-116,-31
-119,44
117,-22
123,-1
28,98
-118,43
121,-3
-60,-68
-12,117
-32,126
126,-9
-133,-12
93,-43
17,133
-44,111
56,-98
130,10
-34,-93
-120,45
99,57
-118,42
21,113
76,53
-41,116
-25,-98
-87,55
54,-35
43,-105
132,8
-11,121
-72,64
125,-11
52,-69
-91,-36
93,-35
125,5
-12,-101
-128,-3
-120,46
-121,-10
-30,124
-40,117
97,59
113,-34
114,-34
91,43
95,71
-31,126
103,-43
107,-41
114,24
-92,-33
-109,-36
92,37
119,-18
53,-103
100,55
-123,29
-59,-60
95,72
-119,42
18,-105
75,53
-35,-92
60,-82
96,61
-115,-23
130,7
47,78
61,-79
-57,-74
25,128
-38,102
-23,118
96,72
-54,-78
51,-104
-116,-23
-7,-97
-134,-13
-53,-79
-14,-104
19,-105
-40,111
-62,-66
52,45
-117,-29
18,135
74,61
50,-104
-124,30
-135,-13
-29,-93
-31,-94
-26,-97
133,8
-19,-101
-120,31
117,24
-114,41
25,129
-117,43
-25,-99
57,-86
134,8
-110,-33
-13,-104
125,4
12,127
17,-106
-49,-80
53,-69
-125,30
-65,-35
-135,-14
19,135
-117,-31
126,-8
113,-35
36,65
-32,127
-111,46
-119,-15
73,61
-121,45
131,10
26,129
-116,-32
9,-105
-136,-14
98,52
44,-105
17,134
25,120
-35,104
93,74
16,-105
93,39
27,129
18,136
131,7
-33,-93
55,-102
-87,-42
-43,88
24,102
92,74
97,63
-117,-23
120,23
-108,-36
-34,120
-59,-74
-121,46
100,69
73,60
46,81
51,-105
-118,14
-59,-75
55,-104
92,75
118,25
-58,-75
-120,42
41,-102
-135,-12
-16,-104
-44,109
100,56
18,137
-86,56
-31,127
99,64
22,-101
-125,29
-24,65
52,-104
-86,58
102,-43
61,-78
79,61
-134,-14
-122,45
117,-23
-115,49
91,71
91,72
17,136
52,-105
62,-78
56,-97
121,23
1,-101
56,-96
-44,112
-30,122
-55,-78
-61,-67
134,9
-36,118
-22,-83
-134,-15
-35,-91
134,7
131,11
-41,115
8,-106
127,-9
-133,-11
27,-101
-121,44
-52,-79
-32,-93
-55,-79
-122,44
-119,14
44,-106
-41,117
-116,-33
22,110
107,-42
-73,64
47,81
111,-30
24,129
18,138
94,-33
120,-18
-42,115
-44,107
-30,127
101,55
-33,122
-115,50
-135,-11
135,7
-137,-14
130,11
121,24
25,119
26,126
-8,-101
41,-103
-110,-36
-45,112
120,-19
99,63
121,-18
93,75
8,-107
17,138
-92,-36
7,-107
16,132
99,70
26,-102
32,-88
-70,-33
28,129
-85,-40
57,-92
-34,122
98,71
-86,59
-107,-36
-69,59
-104,15
20,135
117,-16
-33,126
-107,-37
125,-12
-137,-13
57,-96
123,-14
-36,-91
28,130
122,24
-14,-105
44,-107
-4,121
-123,45
-134,-16
94,74
32,89
-125,28
94,-45
120,-8
51,-106
-138,-14
26,120
15,-105
110,-35
98,51
9,-106
90,71
118,-23
101,56
132,11
92,67
-59,-72
-107,-33
-94,45
-138,-15
-60,-70
-32,128
17,137
24,130
-12,-103
-34,126
-40,85
20,136
-55,-80
28,131
-114,48
6,-107
26,-103
-50,-80
94,44
56,-104
-109,45
17,139
63,-78
-117,5
-34,121
104,-44
-46,112
89,71
1,-102
125,3
-126,-2
-135,-15
102,56
-7,-100
73,62
46,82
-44,-75
-46,113
-45,89
134,10
-124,45
-34,125
-126,0
-138,-16
93,76
-123,44
56,-101
-73,65
-74,65
-134,-17
129,7
-7,-101
18,-106
-25,-92
134,6
-130,-4
-96,44
-94,46
-117,-24
112,-31
-30,126
-59,-59
94,76
118,26
16,128
46,83
7,-108
-126,29
-114,49
-39,102
-120,18
-9,109
29,131
26,101
-47,113
64,-78
6,-108
-115,51
130,12
101,69
130,13
6,-109
-60,-71
-30,68
102,69
-32,129
38,89
-124,46
-109,-37
-34,127
-44,113
-5,122
93,77
-29,127
-56,-79
100,65
100,68
-91,-39
112,-35
58,-92
-35,126
47,79
-113,49
-35,-93
99,24
26,122
23,102
-28,-94
-101,-24
50,-105
-120,47
49,-100
-11,-101
51,-107
-137,-12
3,-102
-45,90
-44,88
-138,-13
-74,64
100,24
-118,13
-118,-29
-93,-36
-115,52
21,136
45,-107
-52,-80
-126,1
-33,128
-84,-40
-123,31
136,7
7,-109
-30,-85
6,-110
-124,31
-58,-76
135,8
-45,111
17,140
-125,46
99,71
63,-77
-43,106
118,27
136,8
64,-79
-4,120
117,-24
105,-44
-87,58
56,-105
-127,29
135,6
-36,126
94,77
-45,110
28,132
-114,52
-127,30
-124,47
-113,52
65,-78
-117,-33
-29,120
-34,75
105,-45
28,133
101,-43
105,-46
25,102
119,-23
-125,-10
129,6
123,-15
-120,6
-112,52
113,24
-34,128
-15,-105
102,70
6,-111
-17,-104
7,-110
28,-101
-22,118
103,70
-105,-31
-139,-14
29,130
-33,-94
128,13
-34,-94
-15,-106
19,137
-139,-16
-73,66
-72,65
16,139
27,120
-139,-13
-117,-32
-94,47
-127,28
22,136
-88,-42
92,76
-44,114
91,75
-119,-29
-140,-16
23,136
27,119
-36,127
106,-45
-121,18
-125,47
-29,128
40,-103
-54,-80
29,132
93,-45
-37,127
17,135
-118,5
28,134
121,22
135,5
18,140
-6,122
18,141
57,-100
-108,40
-124,44
105,-47
-71,62
-88,55
-128,28
-63,-66
48,79
114,25
-20,-101
102,-41
-121,23
24,-103
-119,-16
89,63
102,71
-60,-75
114,-35
-29,124
-86,60
15,139
57,-105
94,-46
-6,123
-85,59
-129,-13
-52,-81
-113,53
63,-76
3,-99
27,-103
-90,-41
-129,28
114,-36
5,-108
-28,127
-38,127
30,131
-120,48
28,120
57,-106
-24,-99
137,7
107,-40
-47,112
125,-9
123,24
-46,110
61,-82
103,71
113,-31
30,130
121,-19
16,140
-16,-105
-115,-32
-129,29
-43,105
29,134
72,61
-21,-101
43,-107
-107,-35
19,141
